start_date_local_formatted,name,sport_type,distance (miles),moving_time (minutes),pace (min_per_mile),pace_formatted,elevation_gain (feet),average_heartrate,max_heartrate,hr_ratio (0-1),hr_zone (1-5),zone_1_time_minutes,zone_2_time_minutes,zone_3_time_minutes,zone_4_time_minutes,zone_5_time_minutes,trimp (score),id
"Sep 05, 2026 12:54 PM",Lunch Walk,Walk,0.0,52.9823,,,0.0,96,113,0.295231,1,52.9823,0.0,0.0,0.0,0.0,27.5721,397a9c14-c66c-47e2-acc2-759b4a544d63
"Sep 04, 2026 03:13 PM",Afternoon Walk,Walk,0.0,18.9828,,,0.0,101,128,0.333081,1,18.9828,0.0,0.0,0.0,0.0,11.9853,9d462520-d26a-4b0e-a26a-836edaf45b74
"Sep 03, 2026 06:46 PM",Evening Walk,Walk,0.0,22.9828,,,0.0,103,131,0.348221,1,22.9828,0.0,0.0,0.0,0.0,15.6178,0d5de717-ab3b-4e08-bf32-a170d40c8a2a
"Sep 02, 2026 06:07 PM",Evening Activity,Activity,0.0,38.9827,,,0.0,95,113,0.287661,1,38.9827,0.0,0.0,0.0,0.0,19.4813,94bf1d11-249b-40f4-9465-1c82125c4dd4
"Sep 02, 2026 05:18 PM",Evening Run,Run,1.326862,12.1916,9.1883,9:11 /mi,131.96,131,151,0.560182,1,9.6333,2.5665,0.0,0.0,0.0,20.0214,3c77b587-afd4-4e2f-b2c9-1380a8dc0f33
"Sep 02, 2026 09:44 AM",Morning Weight Training,WeightTraining,0.0,53.5606,,,0.0,102,132,0.340651,1,53.5488,0.0,0.0,0.0,0.0,35.0918,9f734a4b-7b4b-4b15-80ea-f0794ddb4bdd
"Sep 01, 2026 06:42 PM",Evening Tennis,Tennis,0.0,59.5541,,,0.0,123,162,0.499621,1,46.9323,9.133,3.5,0.0,0.0,77.6533,a61b92c4-3728-4985-99c9-7b691f2497f8
"Sep 01, 2026 02:10 PM",Afternoon Weight Training,WeightTraining,0.0,50.5395,,,0.0,97,136,0.302801,1,50.5492,0.0,0.0,0.0,0.0,27.3701,00bf4ba2-1e2d-4905-a3a7-d435bf86fd2f
"Aug 31, 2026 12:03 PM",Lunch Weight Training,WeightTraining,0.0,70.7882,,,0.0,100,135,0.325511,1,70.782,0.0,0.0,0.0,0.0,43.0479,6df93bf0-5e97-4292-a842-43c140b88e56
"Aug 30, 2026 05:44 PM",Evening Ride,Ride,0.0,24.9828,,,0.0,108,125,0.386071,1,24.9828,0.0,0.0,0.0,0.0,20.241,e021a8cf-5447-4802-bf2d-389a2644449c
"Aug 30, 2026 01:57 PM",Lunch Manual-Labor,Manual-Labor,0.0,26.9828,,,0.0,96,127,0.295231,1,26.9828,0.0,0.0,0.0,0.0,14.0419,4434c7d1-21ce-40d5-b7e3-a21bf6ffa4f8
"Aug 30, 2026 12:14 PM",Lunch Ride,Ride,0.0,40.9823,,,0.0,107,143,0.378501,1,39.949,1.0333,0.0,0.0,0.0,32.083,a8f1bd1d-aee2-4eb5-adf7-d6300b89632d
"Aug 29, 2026 01:58 PM",Lunch Walk,Walk,0.0,13.983,,,0.0,106,119,0.370931,1,13.983,0.0,0.0,0.0,0.0,10.5729,e5bb4776-0e48-45f6-a156-ab0381de539e
"Aug 29, 2026 12:07 PM",Lunch Walk,Walk,0.0,26.983,,,0.0,105,123,0.363361,1,26.983,0.0,0.0,0.0,0.0,19.6977,df8ec20e-c9e6-4d2f-97a9-a84649d0d80a
"Aug 29, 2026 11:21 AM",Lunch Run,Run,3.154347,29.4503,9.3364,9:20 /mi,95.34,152,171,0.719152,3,3.3832,5.1998,19.233,1.6333,0.0,84.2503,8d99718a-350c-4099-ac76-92f57f71b643
"Aug 28, 2026 02:42 PM",Afternoon Weight Training,WeightTraining,0.0,58.1418,,,0.0,104,139,0.355791,1,58.1323,0.0167,0.0,0.0,0.0,40.9598,33a57833-cb5a-4c7c-94f8-0d953e4ff2d3
"Aug 27, 2026 05:54 PM",Evening Walk,Walk,0.0,13.983,,,0.0,106,119,0.370931,1,13.983,0.0,0.0,0.0,0.0,10.5729,84eb3275-1606-4c8f-8a63-cea7579e0657
"Aug 25, 2026 09:20 PM",Night Manual-Labor,Manual-Labor,0.0,27.9953,,,0.0,117,141,0.454201,1,27.866,0.1167,0.0,0.0,0.0,30.4136,e67e3c24-c1c7-46a5-a40a-0372ee1037d3
"Aug 25, 2026 03:13 PM",Afternoon Walk,Walk,0.0,26.983,,,0.0,108,132,0.386071,1,26.983,0.0,0.0,0.0,0.0,21.8616,6d376114-7a2f-45ec-86c1-8d05a2a1b4b2
"Aug 25, 2026 02:31 PM",Afternoon Run,Run,0.986352,9.6962,9.8303,9:50 /mi,89.67,137,158,0.605602,2,4.3333,2.6167,2.7332,0.0,0.0,18.783,2021232a-e397-4c06-8adf-0788cf52377a
"Aug 25, 2026 12:41 PM",Lunch Manual-Labor,Manual-Labor,0.0,25.9828,,,0.0,101,120,0.333081,1,25.9828,0.0,0.0,0.0,0.0,16.4049,5fd74097-2b2d-4bde-9bb3-7a2e789b5a6a
"Aug 24, 2026 05:07 PM",Evening Weight Training,WeightTraining,0.0,64.8529,,,0.0,108,151,0.386071,1,62.649,2.1998,0.0,0.0,0.0,52.5437,97c87b3c-bfd7-4912-85a5-55895c500c03
"Aug 23, 2026 05:11 PM",Evening Walk,Walk,0.0,14.9795,,,0.0,107,122,0.378501,1,14.9795,0.0,0.0,0.0,0.0,11.7267,600c9823-fa50-4ad6-836f-ebab26a86248
"Aug 23, 2026 10:26 AM",Morning Walk,Walk,0.0,17.983,,,0.0,102,118,0.340651,1,17.983,0.0,0.0,0.0,0.0,11.7821,bc22aad8-5b50-4341-ad2d-02807d65b31d
"Aug 22, 2026 08:57 AM",Morning Golf,Golf,0.0,13.9833,,,0.0,98,124,0.310371,1,13.9497,0.0,0.0,0.0,0.0,7.8758,a27db5a1-d0bf-447f-9f82-7869b12181b2
"Aug 21, 2026 07:28 PM",Evening Run,Run,1.393157,13.8294,9.9266,9:56 /mi,170.53,147,167,0.681302,2,1.7833,4.6665,7.0833,0.3,0.0,34.8532,6530102d-6bcf-40b9-ba4f-404a35d4845e
"Aug 21, 2026 12:07 PM",Lunch Walk,Walk,0.0,15.985,,,0.0,98,120,0.310371,1,15.985,0.0,0.0,0.0,0.0,9.0032,f23a05ac-561f-4019-b310-ab571f70f403
"Aug 20, 2026 05:36 PM",Evening Weight Training,WeightTraining,0.0,55.3503,,,0.0,109,152,0.393641,1,54.1655,1.1333,0.05,0.0,0.0,46.3934,327615fb-3e24-4f55-8f97-c257d13776c8
"Aug 18, 2026 11:57 PM",Night Walk,Walk,0.0,30.9827,,,0.0,109,127,0.393641,1,30.9827,0.0,0.0,0.0,0.0,25.969,963ff6cc-7295-43b7-9734-8b04f0fd5a96
"Aug 18, 2026 09:59 PM",Night Walk,Walk,0.0,18.9828,,,0.0,109,120,0.393641,1,18.9828,0.0,0.0,0.0,0.0,15.911,7930af00-e3ad-4ecb-9ce6-a72778f257b5
"Aug 18, 2026 06:49 PM",Evening Walk,Walk,0.0,19.9908,,,0.0,104,129,0.355791,1,19.9908,0.0,0.0,0.0,0.0,14.0832,6d0309bb-7955-4272-bf81-4fdcbc6ba544
"Aug 17, 2026 04:26 PM",Afternoon Weight Training,WeightTraining,0.0,60.4997,,,0.0,113,155,0.423921,1,55.4992,4.2832,0.7167,0.0,0.0,57.8793,8ed806e1-b29d-4920-92c9-bb55c0db0dd0
"Aug 16, 2026 10:13 AM",Morning Manual-Labor,Manual-Labor,0.0,73.9818,,,0.0,109,135,0.393641,1,73.9818,0.0,0.0,0.0,0.0,62.01,89b614f3-25ee-4911-9855-d750aa67a468
"Aug 15, 2026 06:59 PM",Evening Activity,Activity,0.0,40.9825,,,0.0,121,151,0.484481,1,35.6827,5.2998,0.0,0.0,0.0,50.3336,7269db62-d731-44e5-b67c-782b3a245d68
"Aug 15, 2026 05:48 PM",Evening Walk,Walk,0.0,13.983,,,0.0,95,111,0.287661,1,13.983,0.0,0.0,0.0,0.0,6.9879,65c69112-00fd-4f6b-a4e6-bfca394d3de7
"Aug 15, 2026 11:29 AM",Lunch Weight Training,WeightTraining,0.0,49.0363,,,0.0,100,137,0.325511,1,49.0323,0.0,0.0,0.0,0.0,29.8201,fb6ede66-ee11-4943-8747-d9402b6cf881
"Aug 14, 2026 06:52 PM",Evening Walk,Walk,0.0,13.9997,,,0.0,100,108,0.325511,1,13.9997,0.0,0.0,0.0,0.0,8.5135,a133ff4d-f764-428c-bece-022bd0da8ec6
"Aug 14, 2026 03:56 PM",Afternoon Walk,Walk,0.0,19.983,,,0.0,117,142,0.454201,1,19.733,0.25,0.0,0.0,0.0,21.7092,4787a0df-2ca8-4b13-b00a-3fccbc221546
"Aug 14, 2026 11:10 AM",Lunch Run,Run,3.212336,31.5833,9.8319,9:50 /mi,80.75,145,169,0.666162,2,3.95,13.4163,14.0165,0.2,0.0,75.5986,dacafbb4-6180-4f4f-862a-ffafd844f15d
"Aug 13, 2026 02:56 PM",Afternoon Weight Training,WeightTraining,0.0,60.1969,,,0.0,108,156,0.386071,1,58.0655,1.65,0.4833,0.0,0.0,48.7714,c09b97a9-32a0-4d51-9f3f-ade38f589078
"Aug 12, 2026 06:14 PM",Evening Run,Run,2.365345,21.061,8.904,8:54 /mi,793.09,152,174,0.719152,3,1.9333,3.8498,11.6333,3.6498,0.0,60.2507,8ad9bf7c-c45c-4912-811a-c8aa02501396
"Aug 12, 2026 01:16 PM",Lunch Weight Training,WeightTraining,0.0,62.9339,,,0.0,102,143,0.340651,1,62.4988,0.4333,0.0,0.0,0.0,41.233,759b5965-5356-456f-a6ce-08536d699d14
"Aug 11, 2026 06:55 PM",Evening Ride,Ride,0.0,30.0048,,,0.0,117,139,0.454201,1,29.8827,0.1333,0.0,0.0,0.0,32.5966,8a397e9a-706d-442b-889f-c6104d316c62
"Aug 11, 2026 05:46 PM",Evening Walk,Walk,0.0,22.9828,,,0.0,90,117,0.249811,1,22.9828,0.0,0.0,0.0,0.0,9.2751,0944fa5d-315d-46d7-bc8a-1602110f4aa7
"Aug 11, 2026 12:25 PM",Lunch Weight Training,WeightTraining,0.0,61.305,,,0.0,98,141,0.310371,1,60.6988,0.6,0.0,0.0,0.0,34.5285,e759d0ba-14f8-4932-8feb-764e76f320bd
"Aug 10, 2026 08:58 PM",Evening Weight Training,WeightTraining,0.0,15.983,,,0.0,97,140,0.302801,1,15.933,0.05,0.0,0.0,0.0,8.6557,21f825bf-1614-4b24-98b1-e281f31d25a6
"Aug 10, 2026 08:58 PM",Evening Other,Other,0.0,15.9833,,,0.0,97,140,0.302801,1,15.933,0.05,0.0,0.0,0.0,8.6559,9a035c88-6c41-4be0-b04a-a240640d892d
"Aug 10, 2026 06:44 PM",Evening Weight Training,WeightTraining,0.0,20.983,,,0.0,94,124,0.280091,1,20.983,0.0,0.0,0.0,0.0,10.0628,61ec17f1-627d-40f8-ab3a-62d6cc152819
"Aug 10, 2026 06:44 PM",Evening Other,Other,0.0,20.9833,,,0.0,94,124,0.280091,1,20.983,0.0,0.0,0.0,0.0,10.063,a5e6913d-53e7-4c7c-bbdf-99cf05764b56
"Aug 10, 2026 12:35 PM",Lunch Weight Training,WeightTraining,0.0,61.1133,,,0.0,107,144,0.378501,1,60.5487,0.5667,0.0,0.0,0.0,47.8426,28bfb090-ca68-4068-8d60-45f598720b24
"Aug 09, 2026 08:29 AM",Morning Golf,Golf,5.539137,213.1067,38.4729,38:28 /mi,982.89,107,135,0.378501,1,208.3788,0.0,0.0,0.0,0.0,166.8306,18be943b-9bba-43db-903d-7881261b4bd1
"Aug 09, 2026 07:30 AM",Morning Activity,Activity,0.0,59.406,,,0.0,108,139,0.386071,1,59.3488,0.0667,0.0,0.0,0.0,48.1306,29d7a3ba-b96e-4271-8bb9-d187b15c6a85
"Aug 08, 2026 02:28 PM",Afternoon Walk,Walk,0.0,12.9832,,,0.0,105,137,0.363361,1,12.9832,0.0,0.0,0.0,0.0,9.4778,b341e170-83fb-4a7c-81a5-f2189ae167ac
"Aug 08, 2026 01:03 PM",Lunch Run,Run,1.346754,12.4293,9.2291,9:14 /mi,182.22,143,171,0.651022,2,3.5,3.9498,4.3667,0.6167,0.0,28.242,f23d0989-1005-480c-b857-415ac49804d5
"Aug 08, 2026 11:07 AM",Lunch Activity,Activity,0.0,52.9823,,,0.0,101,132,0.333081,1,52.9823,0.0,0.0,0.0,0.0,33.4518,04c61e99-f859-4778-add9-e7cb9a687337
"Aug 08, 2026 09:38 AM",Morning Manual-Labor,Manual-Labor,0.0,59.9822,,,0.0,96,135,0.295231,1,59.9822,0.0,0.0,0.0,0.0,31.2148,91102c88-69d8-4845-a62a-9008a1086bc2
"Aug 07, 2026 06:33 PM",Evening Cleaning,Cleaning,0.0,25.9828,,,0.0,105,120,0.363361,1,25.9828,0.0,0.0,0.0,0.0,18.9676,516ad1db-a896-41f1-afd8-1ea848fe5b47
"Aug 06, 2026 08:54 PM",Evening Walk,Walk,0.0,48.9823,,,0.0,104,125,0.355791,1,48.9823,0.0,0.0,0.0,0.0,34.5072,c25c6852-3b56-49a9-9caf-4c614d3cc760
"Aug 06, 2026 05:57 PM",Evening Walk,Walk,0.0,26.9828,,,0.0,89,110,0.242241,1,26.9828,0.0,0.0,0.0,0.0,10.407,37f824f9-80ac-4580-8f5e-b6db7c848f41
"Aug 06, 2026 02:39 PM",Afternoon Walk,Walk,0.0,40.9823,,,0.0,101,121,0.333081,1,40.9823,0.0,0.0,0.0,0.0,25.8753,9152ef38-d92e-45aa-b286-7d08c2fd89cd
"Aug 05, 2026 10:32 PM",Night Walk,Walk,0.0,24.9828,,,0.0,104,129,0.355791,1,24.9828,0.0,0.0,0.0,0.0,17.6,4b1bb5e7-fd49-4389-93d8-6d75afc2a097
"Aug 03, 2026 08:03 PM",Evening Walk,Walk,0.0,15.983,,,0.0,103,119,0.348221,1,15.983,0.0,0.0,0.0,0.0,10.8612,1bfff68c-27fe-4159-bf6a-9b57ef701c2d
"Aug 03, 2026 07:00 PM",Evening Walk,Walk,0.0,17.983,,,0.0,101,119,0.333081,1,17.983,0.0,0.0,0.0,0.0,11.354,fa0f82a4-4202-4111-99e7-b49ff8941494
"Aug 03, 2026 05:54 PM",Evening Run,Run,1.987315,20.3983,10.2642,10:16 /mi,223.41,142,161,0.643452,2,5.7667,9.283,5.35,0.0,0.0,45.149,14d94042-db62-416b-8f54-6b1d47310894
"Aug 02, 2026 05:18 PM",Evening Walk,Walk,0.0,40.0358,,,0.0,103,125,0.348221,1,40.0493,0.0,0.0,0.0,0.0,27.2061,274c2b27-7f6d-431f-aa66-e96c2d63ccb6
"Aug 02, 2026 01:53 PM",Lunch Walk,Walk,0.0,67.0,,,0.0,97,120,0.302801,1,66.9985,0.0,0.0,0.0,0.0,36.2845,f87fb000-d292-4b7b-8652-9f2cb6056823
"Aug 02, 2026 01:32 PM",Lunch Ride,Ride,0.0,19.9544,,,0.0,115,130,0.439061,1,19.9497,0.0,0.0,0.0,0.0,20.3551,a3c204f2-838f-4629-9262-50ba177f8908
"Aug 02, 2026 11:51 AM",Lunch Weight Training,WeightTraining,0.0,51.0865,,,0.0,101,145,0.333081,1,50.599,0.5,0.0,0.0,0.0,32.2548,889bd1f9-e6eb-495c-94f6-f818f5749c3d
"Aug 01, 2026 05:31 PM",Evening Weight Training,WeightTraining,0.0,50.3264,,,0.0,110,141,0.401211,1,49.299,1.0333,0.0,0.0,0.0,43.6232,61090b52-1d29-467b-8cca-dadc8d3592c8
"Aug 01, 2026 01:35 PM",Lunch Golf,Golf,0.0,32.9833,,,0.0,117,139,0.454201,1,32.8825,0.1,0.0,0.0,0.0,35.8325,52e47b36-bf8d-4193-9657-c9d5aa17feb4
"Jul 31, 2026 01:03 PM",Lunch Run,Run,1.353106,12.6479,9.3473,9:21 /mi,131.61,149,168,0.696442,2,2.2167,1.9332,8.1998,0.3,0.0,33.545,5c9dda91-007d-4076-ae3d-b2a94191f610
"Jul 30, 2026 04:50 PM",Afternoon Weight Training,WeightTraining,0.0,53.5301,,,0.0,117,154,0.454201,1,47.4658,5.9832,0.0833,0.0,0.0,58.1541,a857c3fd-7885-4a6d-9ad1-a7b2c8daa0da
"Jul 29, 2026 08:11 PM",Evening Walk,Walk,0.0,20.983,,,0.0,111,120,0.408781,1,20.983,0.0,0.0,0.0,0.0,18.8026,798f6b40-89a4-484d-aba0-774daa886091
"Jul 29, 2026 07:27 PM",Evening Run,Run,1.987471,19.7543,9.9394,9:56 /mi,248.87,134,160,0.582892,1,12.5665,4.5165,2.6665,0.0,0.0,35.2608,f01c2e00-96b7-42b3-b2c8-29b76046ed30
"Jul 28, 2026 02:36 PM",Afternoon Weight Training,WeightTraining,0.0,61.2935,,,0.0,100,142,0.325511,1,61.1322,0.15,0.0,0.0,0.0,37.274,de64a807-496a-46dd-b6ce-d4ff67d9ab71
"Jul 27, 2026 07:35 PM",Evening Baseball,Baseball,0.0,100.9813,,,0.0,112,174,0.416351,1,86.5148,11.5167,2.2665,0.6833,0.0,93.5133,3af21494-7aac-424f-90ce-dad24daed34d
"Jul 27, 2026 11:25 AM",Lunch Weight Training,WeightTraining,0.0,57.0118,,,0.0,102,140,0.340651,1,56.8988,0.1,0.0,0.0,0.0,37.353,cbe35a4f-e078-4e40-a11d-81caf6bd2a3c
"Jul 26, 2026 04:47 PM",Afternoon Run,Run,1.376484,13.7224,9.9692,9:58 /mi,129.28,145,159,0.666162,2,2.5667,4.15,6.9998,0.0,0.0,32.8462,6cb28a3f-c0f5-494d-97f1-d2735b235737
"Jul 26, 2026 01:34 PM",Lunch Walk,Walk,0.0,14.983,,,0.0,94,111,0.280091,1,14.983,0.0,0.0,0.0,0.0,7.1854,d980f9ae-77b1-4969-bfaa-73d04f93dae2
"Jul 25, 2026 08:37 PM",Evening Activity,Activity,0.0,18.983,,,0.0,101,152,0.333081,1,17.883,1.0833,0.0167,0.0,0.0,11.9854,a3dde4a7-a970-4118-b09e-55e1ab5aeb07
"Jul 25, 2026 02:20 PM",Afternoon Golf,Golf,0.0,26.9833,,,0.0,91,113,0.257381,1,26.9827,0.0,0.0,0.0,0.0,11.3838,be63401d-cd46-47f6-8de5-105efba97fc3
"Jul 25, 2026 12:28 PM",Lunch Golf,Golf,0.0,43.9833,,,0.0,93,115,0.272521,1,43.999,0.0,0.0,0.0,0.0,20.2268,1ecd4f50-5b1f-4a05-8cfb-82a20a8d7acf
"Jul 24, 2026 07:57 PM",Evening Other,Other,0.0,16.9833,,,0.0,93,110,0.272521,1,16.983,0.0,0.0,0.0,0.0,7.8102,d5d7bd53-76d4-45ae-86f3-49e3ded078a2
"Jul 24, 2026 01:58 PM",Lunch Run,Run,1.548382,16.7908,10.8441,10:51 /mi,166.79,136,155,0.598032,1,5.1998,10.1163,1.4667,0.0,0.0,31.6564,d899a287-87bf-4065-9258-67b54ddb7bd6
"Jul 23, 2026 06:03 PM",Evening Weight Training,WeightTraining,0.0,39.1022,,,0.0,107,137,0.378501,1,39.116,0.0,0.0,0.0,0.0,30.6111,9ffec398-6613-4414-a04a-4884f9114030
"Jul 22, 2026 06:39 PM",Evening Run,Run,2.012551,19.1837,9.5321,9:32 /mi,264.91,146,162,0.673732,2,2.7,9.3497,7.1333,0.0,0.0,47.1204,78ddd845-173a-465d-8393-d961a5c20c7c
"Jul 21, 2026 02:58 PM",Afternoon Weight Training,WeightTraining,0.0,83.4242,,,0.0,109,154,0.393641,1,74.9985,8.2665,0.15,0.0,0.0,69.9244,5b12e316-2a41-485f-98e5-88e111b32089
"Jul 20, 2026 07:26 PM",Evening Baseball,Baseball,0.0,112.5835,,,0.0,115,179,0.439061,1,85.1982,13.2497,6.15,0.85,0.0,114.8442,7329b4dd-6fc5-4d38-92ca-dc73be00b9ee
"Jul 19, 2026 08:22 PM",Evening Walk,Walk,0.0,14.9832,,,0.0,102,114,0.340651,1,14.9832,0.0,0.0,0.0,0.0,9.8167,54391a27-6e6e-4bac-995d-2d001b094ddf
"Jul 19, 2026 06:07 PM",Evening Walk,Walk,0.0,25.9828,,,0.0,107,130,0.378501,1,25.9828,0.0,0.0,0.0,0.0,20.3407,397057e0-2764-4e4e-98d4-4750f6812db3
"Jul 19, 2026 03:33 PM",Afternoon Walk,Walk,0.0,18.983,,,0.0,96,127,0.295231,1,18.983,0.0,0.0,0.0,0.0,9.8788,44bcd786-50e4-414e-b057-cfc248d1456b
"Jul 19, 2026 02:37 PM",Afternoon Walk,Walk,0.0,12.983,,,0.0,93,114,0.272521,1,12.983,0.0,0.0,0.0,0.0,5.9706,69f73dcd-7b94-4d34-81dc-bb6659af5460
"Jul 19, 2026 01:55 PM",Lunch Walk,Walk,0.0,13.9832,,,0.0,103,112,0.348221,1,13.9832,0.0,0.0,0.0,0.0,9.5022,9a7c120a-2e3e-4bfb-8be2-7835ba4c9af7
"Jul 19, 2026 11:27 AM",Lunch Walk,Walk,0.0,21.9828,,,0.0,112,131,0.416351,1,21.9828,0.0,0.0,0.0,0.0,20.3571,fe692659-bc87-498c-b643-82971ea3615d
"Jul 19, 2026 10:40 AM",Morning Run,Run,3.455515,33.2931,9.6348,9:38 /mi,539.97,149,175,0.696442,2,1.5165,14.6165,15.5495,1.6167,0.0,88.3007,38674cb5-d885-4692-8c9e-70f9104bb4c8
"Jul 18, 2026 10:06 AM",Morning Golf,Golf,5.379491,260.5606,48.4359,48:26 /mi,692.0,89,127,0.242241,1,260.2613,0.0,0.0,0.0,0.0,100.4956,32ca181d-fc2b-4a85-960e-352287afe84b
"Jul 17, 2026 10:42 PM",Night Walk,Walk,0.0,53.9822,,,0.0,98,124,0.310371,1,53.9822,0.0,0.0,0.0,0.0,30.4041,44913679-1dd6-4e45-b76a-7a7358bfe91b
"Jul 17, 2026 07:27 PM",Evening Walk,Walk,0.0,23.9828,,,0.0,97,117,0.302801,1,23.9828,0.0,0.0,0.0,0.0,12.9881,6eb0d7b9-46cb-4c4b-b897-a2002d13dbcd
"Jul 17, 2026 06:39 PM",Evening Walk,Walk,0.0,28.9827,,,0.0,93,125,0.272521,1,28.9827,0.0,0.0,0.0,0.0,13.3284,3f81f891-906c-4050-920d-cbdc907e133c
"Jul 17, 2026 12:15 PM",Lunch Weight Training,WeightTraining,0.0,71.7618,,,0.0,88,117,0.234671,1,71.7652,0.0,0.0,0.0,0.0,26.426,ebed29f8-a373-4da9-9f39-d0696ce3034e
"Jul 16, 2026 04:06 PM",Afternoon Weight Training,WeightTraining,0.0,79.7393,,,0.0,110,147,0.401211,1,78.0485,1.7,0.0,0.0,0.0,69.1184,e3cee93b-8d57-451c-8255-70da688cfb9e
"Jul 15, 2026 06:03 PM",Evening Walk,Walk,0.0,29.9827,,,0.0,95,118,0.287661,1,29.9827,0.0,0.0,0.0,0.0,14.9836,5f0cbc44-87be-4a37-adba-67f5c3a2cabd
"Jul 15, 2026 02:17 PM",Afternoon Weight Training,WeightTraining,0.0,53.5259,,,0.0,100,149,0.325511,1,52.7823,0.7332,0.0,0.0,0.0,32.5503,901ff477-d069-4df0-a296-1c83768d2a84
"Jul 14, 2026 09:57 PM",Night Walk,Walk,0.0,30.9827,,,0.0,100,114,0.325511,1,30.9827,0.0,0.0,0.0,0.0,18.8413,145b2aec-0176-4501-a159-69a26ffe5cea
"Jul 14, 2026 07:40 PM",Evening Walk,Walk,0.0,12.9832,,,0.0,110,123,0.401211,1,12.9832,0.0,0.0,0.0,0.0,11.2539,1894a360-aa01-44e0-b5a1-da8073493ae4
"Jul 14, 2026 06:14 PM",Evening Walk,Walk,0.0,58.9822,,,0.0,111,141,0.408781,1,58.5822,0.4,0.0,0.0,0.0,52.8533,c59091d3-3a1a-48b9-a4c1-b54e1f090547
"Jul 14, 2026 03:17 PM",Afternoon Weight Training,WeightTraining,0.0,49.7885,,,0.0,115,152,0.439061,1,44.499,5.0667,0.2333,0.0,0.0,50.7883,a491a8fa-ce8c-4cda-87dd-6d6e3bab7833
"Jul 12, 2026 07:55 PM",Evening Walk,Walk,0.0,13.983,,,0.0,101,116,0.333081,1,13.983,0.0,0.0,0.0,0.0,8.8285,dcb2675f-8a2c-417f-b755-7d9072097f58
"Jul 12, 2026 12:22 PM",Lunch Weight Training,WeightTraining,0.0,71.4497,,,0.0,105,144,0.363361,1,71.1655,0.2833,0.0,0.0,0.0,52.1586,759c90cd-f153-4f6a-ba32-fa6d36257940
"Jul 11, 2026 12:13 PM",Lunch Walk,Walk,0.0,14.9833,,,0.0,99,117,0.317941,1,14.9833,0.0,0.0,0.0,0.0,8.7714,dd561819-9a33-4263-9316-6c27005d18dd
"Jul 11, 2026 10:06 AM",Morning Weight Training,WeightTraining,0.0,87.5289,,,0.0,110,169,0.401211,1,78.6317,5.2,3.3833,0.3167,0.0,75.8704,e63e515c-a497-4566-90bb-ee45663e548f
"Jul 10, 2026 06:20 PM",Evening Walk,Walk,0.0,21.9828,,,0.0,91,110,0.257381,1,21.9828,0.0,0.0,0.0,0.0,9.2742,00f6200f-289c-4d33-be36-26e5716294bd
"Jul 10, 2026 03:38 PM",Afternoon Walk,Walk,0.0,26.9827,,,0.0,107,124,0.378501,1,26.9827,0.0,0.0,0.0,0.0,21.1234,bee27e31-5074-4e6a-b3fc-52401d55f1b3
"Jul 10, 2026 02:36 PM",Afternoon Run,Run,3.139302,33.9421,10.812,10:49 /mi,480.82,143,174,0.651022,2,6.0165,18.3163,8.033,1.5833,0.0,77.1234,3e4b0293-6ab0-427d-be02-cd6706171a8d
"Jul 09, 2026 04:12 PM",Afternoon Weight Training,WeightTraining,0.0,52.0049,,,0.0,111,143,0.408781,1,50.4492,1.55,0.0,0.0,0.0,46.601,e3de4dec-e8c9-4fae-bafb-e75d73761a0c
"Jul 08, 2026 08:15 PM",Evening Walk,Walk,0.0,27.9828,,,0.0,97,113,0.302801,1,27.9828,0.0,0.0,0.0,0.0,15.1544,e2237718-93d0-4bdd-a71c-a514b327f184
"Jul 08, 2026 05:43 PM",Evening Run,Run,3.072053,29.1167,9.4779,9:29 /mi,342.91,151,168,0.711582,3,2.7498,5.6333,20.2162,0.5167,0.0,81.23,3dfccef1-d79e-4f76-976d-3917756f9146
"Jul 07, 2026 06:57 PM",Evening Walk,Walk,0.0,13.9832,,,0.0,107,133,0.378501,1,13.9832,0.0,0.0,0.0,0.0,10.9467,567b6929-afca-4187-b199-88bb3abf06c9
"Jul 07, 2026 06:13 PM",Evening Walk,Walk,0.0,12.9832,,,0.0,110,126,0.401211,1,12.9832,0.0,0.0,0.0,0.0,11.2539,da7e2518-cb19-4390-97d2-dd5f70b4e780
"Jul 07, 2026 05:19 PM",Evening Walk,Walk,0.04803,9.3625,,,6.77,126,144,0.522332,1,7.4998,1.8667,0.0,0.0,0.0,13.3316,791bb17a-63e9-4e8a-992a-91fbaf6490ca
"Jul 07, 2026 04:00 PM",Afternoon Weight Training,WeightTraining,0.0,78.245,,,0.0,105,136,0.363361,1,78.2485,0.0,0.0,0.0,0.0,57.1192,762c59e0-9e82-4d22-9c57-fee4bd675464
"Jul 06, 2026 02:05 PM",Afternoon Weight Training,WeightTraining,0.0,67.5391,,,0.0,106,139,0.370931,1,67.4987,0.05,0.0,0.0,0.0,51.0679,559d9e14-2370-4275-9640-8e7dc50f7c55
"Jul 05, 2026 06:08 PM",Evening Cleaning,Cleaning,0.0,12.983,,,0.0,98,111,0.310371,1,12.983,0.0,0.0,0.0,0.0,7.3124,c32ea4ab-86e0-4848-b632-0c79e4cd9e43
"Jul 05, 2026 12:40 PM",Lunch Walk,Walk,0.0,43.9823,,,0.0,102,128,0.340651,1,43.9823,0.0,0.0,0.0,0.0,28.8163,65a13f95-ff88-43a6-a488-450e6d46002a
"Jul 05, 2026 10:44 AM",Morning Weight Training,WeightTraining,0.0,35.5584,,,0.0,105,133,0.363361,1,35.5658,0.0,0.0,0.0,0.0,25.9578,33609dd1-a077-4506-abc5-3053acde11ca
"Jul 04, 2026 10:56 AM",Morning Weight Training,WeightTraining,0.0,74.3461,,,0.0,110,149,0.401211,1,73.582,0.7498,0.0,0.0,0.0,64.4436,19c16d61-db84-4260-863b-ac83cec82f7d
"Jul 03, 2026 05:49 PM",Evening Walk,Walk,0.0,21.9828,,,0.0,109,133,0.393641,1,21.9828,0.0,0.0,0.0,0.0,18.4255,b90413a6-db71-44e7-9e5c-c66e3eae29ae
"Jul 03, 2026 04:04 PM",Afternoon Weight Training,WeightTraining,0.0,69.9939,,,0.0,120,158,0.476911,1,58.7988,10.5498,0.6333,0.0,0.0,83.4005,410b252a-a1e5-4e01-ae50-c97d871868ec
"Jul 03, 2026 11:13 AM",Lunch Run,Run,2.950148,30.8009,10.4404,10:26 /mi,389.91,153,170,0.726722,3,2.4,7.3163,16.283,4.8,0.0,90.3452,5c921a0e-dc69-47f2-935b-584848c8b2f0
"Jul 02, 2026 03:56 PM",Afternoon Walk,Walk,0.0,51.9822,,,0.0,107,132,0.378501,1,51.9822,0.0,0.0,0.0,0.0,40.6942,5e9be409-0177-4935-aa17-7ef86fb5b94f
"Jun 28, 2026 05:11 AM",Morning Weight Training,WeightTraining,0.0,19.983333333333334,,,0.0,106.2,128.0,0.372445117335352,1,20.0,0.0,0.0,0.0,0.0,15.215697573688395,19095876438
"Jun 28, 2026 02:52 AM",Night Workout,Workout,0.0,17.983333333333334,,,0.0,107.5,117.0,0.3822861468584406,1,18.0,0.0,0.0,0.0,0.0,14.322746384304981,19094290425
"Jun 24, 2026 12:00 PM",Lunch Hike,Hike,1.9824220384000002,49.916666666666664,25.17963667663525,25:11 /mi,430.44620799999996,114.5,158.0,0.4352763058289175,1,55.85,1.2,0.7833333333333333,0.0,0.0,50.11454031310807,19053681821
"Jun 23, 2026 05:51 PM",Afternoon Run,Run,2.257440843,20.85,9.23612242803742,9:14 /mi,27.230972,153.2,169.0,0.7282361847085541,3,1.1,2.466666666666667,16.333333333333332,1.2333333333333334,0.0,61.463135297541704,19041626879
"Jun 22, 2026 03:48 PM",Afternoon Weight Training,WeightTraining,0.0,73.36666666666666,,,0.0,111.6,147.0,0.41332323996971987,1,71.81666666666666,1.5666666666666667,0.0,0.0,0.0,67.05579217004241,19027301463
"Jun 21, 2026 11:57 AM",Lunch Weight Training - Pull,WeightTraining,0.0,81.25,,,0.0,113.0,146.0,0.42392127176381533,1,78.25,3.0166666666666666,0.0,0.0,0.0,77.73084407163022,19013282533
"Jun 20, 2026 12:48 PM",Lunch Run,Run,3.1332632675,30.0,9.574682188750998,9:34 /mi,41.338584,148.2,169.0,0.6903860711582134,2,3.2,11.166666666666666,14.25,1.6166666666666667,0.0,77.96299755714705,19000014142
"Jun 19, 2026 11:32 AM",Lunch Stand Up Paddling,StandUpPaddling,0.0,55.916666666666664,,,0.0,115.4,157.0,0.44208932626797887,1,47.1,7.866666666666666,0.9666666666666667,0.0,0.0,57.76775060309739,18986227464
"Jun 19, 2026 10:30 AM",Morning Stand Up Paddling,StandUpPaddling,0.0,41.983333333333334,,,0.0,112.9,146.0,0.42316426949280855,1,39.81666666666667,2.183333333333333,0.0,0.0,0.0,40.034968318910956,18986228372
"Jun 18, 2026 04:32 PM",Afternoon Weight Training - Push,WeightTraining,0.0,60.11666666666667,,,0.0,113.3,149.0,0.4261922785768357,1,56.65,3.4833333333333334,0.0,0.0,0.0,58.07362587521683,18976955873
"Jun 17, 2026 08:00 PM",Evening Walk,Walk,0.0,26.983333333333334,,,0.0,101.2,131.0,0.3345950037850114,1,27.0,0.0,0.0,0.0,0.0,17.16388344222664,18965433055
"Jun 17, 2026 07:14 PM",Evening Walk,Walk,0.0,18.983333333333334,,,0.0,92.9,108.0,0.27176381529144594,1,19.0,0.0,0.0,0.0,0.0,8.693068731073584,18964996236
"Jun 17, 2026 06:08 PM",Evening Walk,Walk,0.0,49.983333333333334,,,0.0,107.2,118.0,0.3800151400454202,1,50.0,0.0,0.0,0.0,0.0,39.40034216210318,18964718553
"Jun 17, 2026 05:11 PM",Afternoon Run,Run,2.0354249847,18.5,9.089010962851427,9:05 /mi,21.981628,150.4,164.0,0.7070401211203634,3,1.5666666666666667,4.716666666666667,11.633333333333333,0.7833333333333333,0.0,50.83676932338195,18963773084
"Jun 16, 2026 02:57 PM",Afternoon Weight Training,WeightTraining,0.0,62.3,,,0.0,107.8,147.0,0.384557153671461,1,59.71666666666667,2.6,0.0,0.0,0.0,50.131437379215505,18948828893
"Jun 16, 2026 12:12 AM",Night Walk,Walk,0.0,12.983333333333333,,,0.0,98.5,104.0,0.3141559424678274,1,13.0,0.0,0.0,0.0,0.0,7.455709456614222,18938261384
"Jun 15, 2026 12:21 PM",Lunch Weight Training - Pull Day,WeightTraining,0.0,65.98333333333333,,,0.0,115.8,145.0,0.44511733535200604,1,65.06666666666666,0.9333333333333333,0.0,0.0,0.0,69.03475767156384,18932096641
"Jun 13, 2026 01:08 PM",Afternoon Run,Run,1.2475265567,10.15,8.136099344329093,8:08 /mi,9.84252,157.5,174.0,0.7607872823618471,3,0.55,1.3333333333333333,4.9,3.9,0.0,33.27424930158224,18906901965
"Jun 12, 2026 09:21 AM",Morning Run,Run,2.9290807569,27.483333333333334,9.382920996149108,9:23 /mi,72.834648,156.3,170.0,0.7517032551097654,3,1.7833333333333334,3.3833333333333333,15.5,7.483333333333333,0.0,87.48228971945922,18890892521
"Jun 11, 2026 04:19 PM",Afternoon Weight Training - Push Day,WeightTraining,0.0,49.43333333333333,,,0.0,113.3,147.0,0.4261922785768357,1,47.916666666666664,1.5833333333333333,0.0,0.0,0.0,47.753361337924346,18883216057
"Jun 08, 2026 09:34 PM",Night Walk,Walk,1.2117355871,24.966666666666665,20.60405498729176,20:36 /mi,43.307088,107.1,112.0,0.3792581377744133,1,29.1,0.0,0.0,0.0,0.0,19.612733485953267,18853912644
"Jun 08, 2026 02:01 PM",Afternoon Weight Training - Legs,WeightTraining,0.0,54.05,,,0.0,108.9,148.0,0.392884178652536,1,50.166666666666664,3.933333333333333,0.0,0.0,0.0,45.15074344054197,18840942569
"Jun 05, 2026 08:52 AM",Morning Weight Training,WeightTraining,0.0,39.65,,,0.0,110.3,133.0,0.40348221044663135,1,39.733333333333334,0.0,0.0,0.0,0.0,34.714376578932004,18796923842
"Jun 04, 2026 05:41 PM",Afternoon Run,Run,2.0105701447,19.1,9.49979290717556,9:30 /mi,17.060368,152.4,169.0,0.7221801665404997,3,1.9166666666666667,4.1,9.616666666666667,3.8,0.0,55.19065368995459,18789720250
"Jun 02, 2026 03:53 PM",Afternoon Weight Training - Push and 10 min walk/run,WeightTraining,0.0,64.41666666666667,,,0.0,112.3,145.0,0.4186222558667676,1,60.75,3.8,0.0,0.0,0.0,60.24025563331888,18761534758
"May 31, 2026 11:40 AM",Lunch Run,Run,3.0063171721999997,28.616666666666667,9.518844828247184,9:31 /mi,82.021,153.3,174.0,0.7289931869795611,3,2.5,2.6166666666666667,24.6,3.1,0.0,84.56879329262446,18731706197
"May 30, 2026 06:55 PM",Evening Walk,Walk,1.6833561761,36.016666666666666,21.395749264490235,21:24 /mi,0.0,102.8,128.0,0.34670704012112036,1,36.06666666666667,0.0,0.0,0.0,0.0,24.29776062886462,18721592600
"May 29, 2026 01:40 PM",Stretches and Bike,WeightTraining,0.0,39.5,,,0.0,97.0,119.0,0.3028009084027252,1,39.56666666666667,0.0,0.0,0.0,0.0,21.391607209400522,18705507799
"May 28, 2026 03:36 PM",Afternoon Weight Training - Pull + Short Run,WeightTraining,0.0,92.25,,,0.0,130.3,160.0,0.5548826646479941,1,57.2,25.733333333333334,9.35,0.0,0.0,148.54358196169682,18694555483
"May 27, 2026 01:24 PM",Afternoon Weight Training,WeightTraining,0.0,61.75,,,0.0,107.4,138.0,0.3815291445874338,1,61.5,0.3,0.0,0.0,0.0,49.01183975934122,18678867082
"May 26, 2026 04:13 PM",Afternoon Weight Training - Push,WeightTraining,0.0,58.15,,,0.0,114.0,141.0,0.43149129447388346,1,57.93333333333333,0.23333333333333334,0.0,0.0,0.0,57.45380425617937,18666838409
"May 23, 2026 11:38 AM",Lunch Run,Run,1.0962227182,10.766666666666667,9.82160512450021,9:49 /mi,12.467191999999999,139.3,155.0,0.6230128690386072,2,4.05,3.65,3.2666666666666666,0.0,0.0,22.18578007022721,18624445878
"May 21, 2026 05:41 PM",Afternoon Weight Training - Light Pull Day,WeightTraining,0.0,41.11666666666667,,,0.0,106.3,131.0,0.3732021196063588,1,41.233333333333334,0.0,0.0,0.0,0.0,31.416288280699998,18601437587
"May 20, 2026 04:05 PM",Afternoon Weight Training - Legs,WeightTraining,0.0,33.7,,,0.0,96.6,124.0,0.29977289931869794,1,33.766666666666666,0.0,0.0,0.0,0.0,17.963316582623985,18587260287
"May 19, 2026 12:14 PM",Lunch Weight Training - Push,WeightTraining,0.0,58.71666666666667,,,0.0,115.0,150.0,0.4390613171839516,1,58.45,0.23333333333333334,0.16666666666666666,0.0,0.0,59.89572562915619,18570866345
"May 18, 2026 09:57 PM",Night Walk from kickball,Walk,1.2466566373,26.466666666666665,21.2301173192227,21:14 /mi,26.24672,117.0,130.0,0.45420136260408783,1,29.133333333333333,0.0,0.0,0.0,0.0,28.75288317257336,18562712508
"May 16, 2026 12:27 PM",Lunch Tennis,Tennis,0.0,85.35,,,0.0,134.5,158.0,0.5866767600302801,1,47.083333333333336,31.1,7.233333333333333,0.0,0.0,154.45434535202278,18533089846
"May 13, 2026 12:13 PM",Lunch Weight Training - Pull,WeightTraining,0.0,85.06666666666666,,,0.0,116.3,155.0,0.4489023467070401,1,74.7,9.116666666666667,1.3833333333333333,0.0,0.0,90.4120778451362,18493710061
"May 12, 2026 02:32 PM",Afternoon Weight Training - Push,WeightTraining,0.0,59.31666666666667,,,0.0,116.8,145.0,0.45268735806207416,1,57.56666666666667,1.8166666666666667,0.0,0.0,0.0,64.03927072092746,18481978856
"May 11, 2026 01:49 PM",Afternoon Weight Training - Legs,WeightTraining,0.0,48.63333333333333,,,0.0,113.8,145.0,0.4299772899318698,1,46.05,2.683333333333333,0.0,0.0,0.0,47.74348785989394,18467530996
"May 10, 2026 02:45 PM",Afternoon Weight Training - Pull,WeightTraining,0.0,71.58333333333333,,,0.0,110.5,141.0,0.40499621498864496,1,70.31666666666666,1.35,0.0,0.0,0.0,63.09095701728658,18457054611
"May 08, 2026 12:34 PM",Lunch Weight Training - Push,WeightTraining,0.0,56.06666666666667,,,0.0,104.0,136.0,0.35579106737320215,1,56.1,0.0,0.0,0.0,0.0,39.49794710017722,18428288789
"May 07, 2026 01:34 PM",Afternoon Weight Training - Legs,WeightTraining,0.0,45.0,,,0.0,110.0,135.0,0.4012112036336109,1,45.016666666666666,0.0,0.0,0.0,0.0,39.00620370235784,18415943335
"May 05, 2026 06:39 PM",Evening Tennis,Tennis,0.0,84.28333333333333,,,0.0,127.9,163.0,0.5367146101438305,1,58.733333333333334,20.416666666666668,5.133333333333334,0.13333333333333333,0.0,126.77164692961436,18392782860
"May 05, 2026 01:40 PM",Afternoon Weight Training - Pull,WeightTraining,0.0,78.38333333333334,,,0.0,111.6,137.0,0.41332323996971987,1,78.18333333333334,0.2833333333333333,0.0,0.0,0.0,71.64093379729884,18389801053
"May 04, 2026 12:13 PM",Lunch Weight Training - Push,WeightTraining,0.0,57.483333333333334,,,0.0,105.3,135.0,0.36563209689629067,1,57.516666666666666,0.0,0.0,0.0,0.0,42.409866086368545,18374617331
"May 03, 2026 08:03 AM",Broad Street Run,Run,10.051918667,109.61666666666666,10.90504910535471,10:54 /mi,179.13386400000002,140.6,153.0,0.6328538985616957,2,30.183333333333334,79.71666666666667,4.25,0.0,0.0,233.8203826003086,18360909142
"May 01, 2026 12:27 PM",Lunch Weight Training - Legs pre broad street,WeightTraining,0.0,51.1,,,0.0,119.5,158.0,0.47312641937925815,1,41.35,7.883333333333334,1.95,0.0,0.0,59.967009397746594,18336017603
"Apr 30, 2026 12:40 PM",Lunch Run,Run,3.1256825413000002,31.583333333333332,10.104459719123469,10:06 /mi,74.146984,143.2,157.0,0.6525359576078728,2,6.666666666666667,16.816666666666666,8.766666666666667,0.0,0.0,72.14006381272885,18321719035
"Apr 29, 2026 01:13 PM",Afternoon Weight Training - Pull,WeightTraining,0.0,67.95,,,0.0,122.1,153.0,0.49280847842543524,1,59.88333333333333,7.633333333333334,0.5333333333333333,0.0,0.0,86.25687448077849,18309887967
"Apr 28, 2026 04:51 PM",Afternoon Weight Training - Push,WeightTraining,0.0,43.61666666666667,,,0.0,115.4,143.0,0.44208932626797887,1,43.3,0.38333333333333336,0.0,0.0,0.0,45.06056731097046,18298138877
"Apr 27, 2026 11:46 AM",Lunch Weight Training - Legs,WeightTraining,0.0,67.11666666666666,,,0.0,113.0,148.0,0.42392127176381533,1,60.733333333333334,6.45,0.0,0.0,0.0,64.20966340029844,18280844849
"Apr 26, 2026 12:20 PM",Lunch Weight Training,WeightTraining,0.0,88.36666666666666,,,0.0,107.1,141.0,0.3792581377744133,1,87.8,0.6333333333333333,0.0,0.0,0.0,69.41703133679854,18269988361
"Apr 25, 2026 01:16 PM",Afternoon Run,Run,5.010114373,52.733333333333334,10.52537515261497,10:32 /mi,266.404208,142.9,156.0,0.6502649507948525,2,3.9166666666666665,44.3,4.583333333333333,0.0,0.0,119.5077340849557,18255994258
"Apr 24, 2026 12:28 PM",Lunch Weight Training - Push,WeightTraining,0.0,48.6,,,0.0,109.5,130.0,0.39742619227857684,1,48.68333333333333,0.0,0.0,0.0,0.0,41.42712162899261,18241582169
"Apr 23, 2026 06:17 PM",Evening Tennis,Tennis,0.0,35.4,,,0.0,129.2,148.0,0.5465556396669189,1,31.683333333333334,3.7333333333333334,0.0,0.0,0.0,55.25614095182839,18232542572
"Apr 23, 2026 11:40 AM",Lunch Weight Training - Legs,WeightTraining,0.0,31.1,,,0.0,109.1,137.0,0.39439818319454956,1,31.05,0.18333333333333332,0.0,0.0,0.0,26.155462720755732,18227590099
"Apr 21, 2026 04:16 PM",Afternoon Weight Training - Pull,WeightTraining,0.0,55.11666666666667,,,0.0,109.5,137.0,0.39742619227857684,1,55.083333333333336,0.08333333333333333,0.0,0.0,0.0,46.98199287622721,18203891321
"Apr 20, 2026 02:50 PM",Afternoon Run,Run,2.0074011526,19.05,9.48988196770053,9:29 /mi,23.622048,143.6,159.0,0.6555639666919001,2,1.8,15.05,2.3333333333333335,0.0,0.0,43.96924981086182,18188360839
"Apr 19, 2026 06:07 PM",Evening Weight Training - Push,WeightTraining,0.0,36.78333333333333,,,0.0,98.0,133.0,0.31037093111279335,1,36.833333333333336,0.0,0.0,0.0,0.0,20.71731630301316,18178219942
"Apr 18, 2026 01:37 PM",Afternoon Tennis,Tennis,0.0,51.4,,,0.0,131.4,148.0,0.5632096896290689,1,38.96666666666667,12.466666666666667,0.0,0.0,0.0,85.36169866948045,18162408469
"Apr 16, 2026 05:28 PM",Afternoon Walk,Walk,1.4647578583,20.266666666666666,13.83618906826565,13:50 /mi,80.708664,95.9,124.0,0.2944738834216503,1,22.15,0.0,0.0,0.0,0.0,10.504485911249636,18139389027
"Apr 14, 2026 05:45 PM",Afternoon Walk,Walk,2.204624308,44.63333333333333,20.245323963530087,20:15 /mi,22.96588,100.8,111.0,0.3315669947009841,1,51.86666666666667,0.0,0.0,0.0,0.0,27.97088645313648,18111207682
"Apr 13, 2026 02:20 PM",Afternoon Weight Training - Pull,WeightTraining,0.0,74.35,,,0.0,111.1,139.0,0.4095382286146858,1,73.6,0.7833333333333333,0.0,0.0,0.0,66.84470185427979,18095590132
"Apr 12, 2026 11:27 AM",Lunch Run,Run,6.0053021666,60.333333333333336,10.046677362696645,10:03 /mi,230.31496800000002,151.1,164.0,0.712339137017411,3,2.0166666666666666,17.033333333333335,41.766666666666666,0.48333333333333334,0.0,168.74264113859581,18082502615
"Apr 10, 2026 12:37 PM",Lunch Weight Training - Push,WeightTraining,0.0,56.93333333333333,,,0.0,104.6,128.0,0.360333080999243,1,56.95,0.0,0.0,0.0,0.0,40.976308487208335,18056388917
"Apr 09, 2026 06:28 PM",Evening Run,Run,2.0141119594,19.133333333333333,9.499637417888684,9:30 /mi,30.183728,150.2,162.0,0.7055261165783496,3,1.9166666666666667,4.983333333333333,12.35,0.0,0.0,52.31225519907175,18047168098
"Apr 07, 2026 04:46 PM",Afternoon Stair-Stepper,StairStepper,0.0,21.333333333333332,,,0.0,131.7,148.0,0.5654806964420893,1,12.666666666666666,8.766666666666667,0.0,0.0,0.0,35.72728249510953,18021794503
"Apr 07, 2026 12:51 PM",Lunch Weight Training - Pull,WeightTraining,0.0,67.85,,,0.0,118.0,153.0,0.46177138531415596,1,65.58333333333333,2.0,0.31666666666666665,0.0,0.0,76.03662246253155,18016674701
"Apr 06, 2026 06:18 PM",Evening Run,Run,2.0072768784,18.8,9.365922659850234,9:22 /mi,24.278216,153.3,169.0,0.7289931869795611,3,1.4333333333333333,2.05,13.933333333333334,1.6333333333333333,0.0,55.55829868030308,18005832507
"Apr 06, 2026 12:29 PM",Lunch Weight Training - Push,WeightTraining,0.0,73.86666666666666,,,0.0,112.6,146.0,0.420893262679788,1,72.18333333333334,1.7,0.0,0.0,0.0,69.75581038749336,18003269621
"Apr 05, 2026 11:55 AM",Lunch Weight Training - pull,WeightTraining,0.0,61.983333333333334,,,0.0,116.6,150.0,0.45117335352006055,1,57.666666666666664,4.2,0.15,0.0,0.0,66.5008502307249,17990347740
"Apr 04, 2026 11:03 AM",Lunch Run,Run,4.0082779097,39.61666666666667,9.883712546676131,9:53 /mi,143.70079199999998,156.0,169.0,0.7494322482967449,3,3.3833333333333333,3.466666666666667,22.3,10.783333333333333,0.0,125.17596413387633,17976971428
"Apr 02, 2026 01:18 PM",Afternoon Weight Training - Pull,WeightTraining,0.0,57.95,,,0.0,113.1,139.0,0.42467827403482206,1,57.63333333333333,0.38333333333333336,0.0,0.0,0.0,55.61981134435321,17953327083
"Apr 01, 2026 01:19 PM",Afternoon Weight Training - Push,WeightTraining,0.0,68.03333333333333,,,0.0,128.2,155.0,0.5389856169568508,1,49.71666666666667,17.25,1.0833333333333333,0.0,0.0,103.2118603787352,17942760448
"Mar 31, 2026 12:34 PM",Lunch Weight Training - Legs,WeightTraining,0.0,69.86666666666666,,,0.0,117.9,150.0,0.4610143830431492,1,60.25,9.533333333333333,0.1,0.0,0.0,78.05472961799244,17928677633
"Mar 30, 2026 01:10 PM",Afternoon Walk,Walk,0.9460373475,19.566666666666666,20.682763443085598,20:41 /mi,18.372704,95.9,105.0,0.2944738834216503,1,24.383333333333333,0.0,0.0,0.0,0.0,10.141666496551869,17915357989
"Mar 30, 2026 11:15 AM",Lunch Run,Run,2.0091409914000002,19.0,9.456777837557587,9:27 /mi,26.24672,149.8,165.0,0.7024981074943226,3,2.216666666666667,2.8833333333333333,13.733333333333333,0.18333333333333332,0.0,51.424914546140286,17915357836
"Mar 28, 2026 11:33 AM",Lunch Tennis,Tennis,0.0,29.983333333333334,,,0.0,128.1,163.0,0.538228614685844,1,23.033333333333335,5.483333333333333,1.3833333333333333,0.11666666666666667,0.0,45.357191295364935,17890640926
"Mar 27, 2026 05:57 PM",Afternoon Run,Run,2.0115022012,19.516666666666666,9.702533089461014,9:42 /mi,9.84252,148.5,158.0,0.692657077971234,2,1.2666666666666666,6.483333333333333,11.866666666666667,0.0,0.0,51.10846565245035,17881594801
"Mar 25, 2026 03:50 PM",Afternoon Weight Training -Pull,WeightTraining,0.0,68.11666666666666,,,0.0,109.9,156.0,0.4004542013626041,1,60.11666666666667,4.566666666666666,3.45,0.0,0.0,58.84683875636687,17858262140
"Mar 24, 2026 05:20 PM",Afternoon Weight Training - Push,WeightTraining,0.0,34.81666666666667,,,0.0,108.4,138.0,0.38909916729750194,1,34.61666666666667,0.2833333333333333,0.0,0.0,0.0,28.595391299837885,17858262172
"Mar 23, 2026 08:31 AM",Morning Weight Training - Legs,WeightTraining,0.0,51.016666666666666,,,0.0,96.3,128.0,0.2975018925056775,1,51.03333333333333,0.0,0.0,0.0,0.0,26.870292751688993,17835623772
"Mar 20, 2026 12:53 PM",Lunch Weight Training - Pull,WeightTraining,0.0,61.166666666666664,,,0.0,131.1,160.0,0.5609386828160484,1,44.05,13.9,3.25,0.0,0.0,100.73174270980128,17796558346
"Mar 19, 2026 01:29 PM",Afternoon Weight Training,WeightTraining,0.0,52.2,,,0.0,118.6,137.0,0.4663133989401968,1,52.18333333333333,0.03333333333333333,0.0,0.0,0.0,59.59113848414656,17796558335
"Mar 18, 2026 01:40 PM",Afternoon Weight Training - Legs,WeightTraining,0.0,59.2,,,0.0,130.4,164.0,0.5556396669190008,1,41.3,15.15,2.6166666666666667,0.15,0.0,95.59441773571263,17770295589
"Mar 16, 2026 12:48 PM",Lunch Weight Training - Pull Day,WeightTraining,0.0,81.2,,,0.0,105.2,132.0,0.3648750946252839,1,81.23333333333333,0.0,0.0,0.0,0.0,59.69661020952088,17744884844
"Mar 11, 2026 04:37 PM",Afternoon Weight Training,WeightTraining,0.0,39.8,,,0.0,111.6,144.0,0.41332323996971987,1,38.75,1.1833333333333333,0.0,0.0,0.0,36.37647244481174,17690144727
"Mar 09, 2026 03:50 PM",Afternoon Weight Training - Legs,WeightTraining,0.0,58.25,,,0.0,104.8,141.0,0.3618470855412566,1,56.96666666666667,1.3333333333333333,0.0,0.0,0.0,42.22265497139296,17664696636
"Mar 08, 2026 02:30 PM",Afternoon Weight Training - Pull + Abs,WeightTraining,0.0,79.01666666666667,,,0.0,130.9,159.0,0.5594246782740349,1,50.6,24.783333333333335,3.683333333333333,0.0,0.0,129.39992460190814,17653309831
"Mar 07, 2026 10:38 AM",Morning Weight Training - Push,WeightTraining,0.0,68.2,,,0.0,119.2,157.0,0.47085541256623775,1,60.266666666666666,6.6,1.45,0.0,0.0,79.30353817155466,17638668134
"Mar 05, 2026 01:34 PM",Afternoon Weight Training,WeightTraining,0.0,70.26666666666667,,,0.0,111.2,145.0,0.4102952308856927,1,64.46666666666667,5.816666666666666,0.0,0.0,0.0,63.382390355490124,17620908624
"Mar 04, 2026 02:57 PM",Afternoon Weight Training,WeightTraining,0.0,73.63333333333334,,,0.0,116.0,150.0,0.4466313398940197,1,68.33333333333333,5.183333333333334,0.16666666666666666,0.0,0.0,77.5256017316479,17608972061
"Mar 03, 2026 12:53 PM",Lunch Weight Training - Push,WeightTraining,0.0,54.7,,,0.0,101.5,138.0,0.3368660105980318,1,54.6,0.23333333333333334,0.0,0.0,0.0,35.18347201905368,17594859324
"Feb 28, 2026 03:37 PM",Afternoon Weight Training - Legs,WeightTraining,0.0,43.31666666666667,,,0.0,116.6,149.0,0.45117335352006055,1,38.88333333333333,4.483333333333333,0.0,0.0,0.0,46.47370522980747,17558197768
"Feb 28, 2026 02:14 PM",Afternoon Walk,Walk,2.9979908008000002,69.06666666666666,23.037651299075545,23:02 /mi,120.078744,98.2,118.0,0.311884935654807,1,72.85,0.0,0.0,0.0,0.0,39.20366914295135,17558197889
"Feb 27, 2026 12:11 PM",Lunch Weight Training,WeightTraining,0.0,60.93333333333333,,,0.0,108.6,136.0,0.3906131718395155,1,61.016666666666666,0.0,0.0,0.0,0.0,50.38634073803379,17558197760
"Feb 26, 2026 03:55 PM",Afternoon Run/Walk Treadmill,Run,2.0912862376,29.716666666666665,14.209755762927069,14:13 /mi,0.0,124.7,147.0,0.5124905374716124,1,19.783333333333335,10.0,0.0,0.0,0.0,40.74026257739079,17535234891
"Feb 26, 2026 03:43 PM",Afternoon Walk,Walk,0.4129010295,11.983333333333333,29.022289791441008,29:01 /mi,0.0,96.4,110.0,0.2982588947766844,1,12.016666666666667,0.0,0.0,0.0,0.0,6.336841627069282,17534718158
"Feb 25, 2026 03:12 PM",Afternoon Weight Training - Push,WeightTraining,0.0,54.6,,,0.0,109.7,138.0,0.3989401968205905,1,54.46666666666667,0.15,0.0,0.0,0.0,46.85488652152765,17525956186
"Feb 24, 2026 03:28 PM",Afternoon Weight Training - Legs,WeightTraining,0.0,57.11666666666667,,,0.0,107.4,142.0,0.3815291445874338,1,55.68333333333333,1.4833333333333334,0.0,0.0,0.0,45.33429820654855,17510999962
"Feb 23, 2026 03:37 PM",Afternoon Weight Training - Pull,WeightTraining,0.0,61.65,,,0.0,112.4,155.0,0.4193792581377745,1,54.8,3.066666666666667,3.8,0.0,0.0,57.841226776813315,17499003131
"Feb 21, 2026 07:00 PM",Evening Weight Training - Light Push Day,WeightTraining,0.0,26.95,,,0.0,119.9,154.0,0.47615442846328543,1,24.333333333333332,1.9,0.8166666666666667,0.0,0.0,32.01443043298436,17478040446
"Feb 21, 2026 06:49 PM",Evening Walk,Walk,0.4542843381,7.116666666666666,15.665665905259758,15:40 /mi,8.2021,112.3,125.0,0.4186222558667676,1,10.733333333333333,0.0,0.0,0.0,0.0,6.655262394677143,17477884135
"Feb 20, 2026 12:32 PM",Lunch Weight Training - Push,WeightTraining,0.0,70.01666666666667,,,0.0,113.0,149.0,0.42392127176381533,1,67.13333333333334,2.9,0.0,0.0,0.0,66.98405660408586,17463991898
"Feb 19, 2026 04:21 PM",Afternoon Weight Training,WeightTraining,0.0,55.55,,,0.0,117.9,148.0,0.4610143830431492,1,48.03333333333333,7.566666666666666,0.0,0.0,0.0,62.06021321964905,17460709987
"Feb 18, 2026 02:40 PM",Afternoon Weight Training,WeightTraining,0.0,51.28333333333333,,,0.0,109.4,138.0,0.39666919000757006,1,50.71666666666667,0.5833333333333334,0.0,0.0,0.0,43.56778659495163,17640062921
"Feb 17, 2026 12:21 PM",Lunch Weight Training,WeightTraining,0.0,59.35,,,0.0,103.6,139.0,0.3527630582891748,1,58.5,0.8666666666666667,0.0,0.0,0.0,41.214845642242906,17640062979
"Feb 16, 2026 11:42 AM",Lunch Weight Training,WeightTraining,0.0,14.116666666666667,,,0.0,121.8,151.0,0.49053747161241484,1,11.683333333333334,2.2,0.2833333333333333,0.0,0.0,17.759746605532566,17419807509
"Feb 16, 2026 11:30 AM",Lunch Run,Run,1.0332778359,12.733333333333333,12.323242491930946,12:19 /mi,0.0,141.7,160.0,0.6411809235427706,2,4.283333333333333,3.95,4.533333333333333,0.0,0.0,27.96201523120293,17419807503
"Feb 13, 2026 12:02 PM",Lunch Weight Training - Pull,WeightTraining,0.0,58.833333333333336,,,0.0,106.3,153.0,0.3732021196063588,1,55.81666666666667,2.5,0.6,0.0,0.0,44.95318104210418,17386449488
"Feb 12, 2026 02:14 PM",Afternoon Weight Training - Push,WeightTraining,0.0,45.61666666666667,,,0.0,98.1,136.0,0.3111279333838001,1,45.733333333333334,0.0,0.0,0.0,0.0,25.792601542615493,17377182880
"Feb 10, 2026 12:35 PM",Lunch Weight Training - Legs,WeightTraining,0.0,50.666666666666664,,,0.0,113.2,151.0,0.42543527630582895,1,45.75,4.4,0.6,0.0,0.0,48.78688408853294,17353664022
"Feb 09, 2026 11:10 AM",Lunch Weight Training - Pull,WeightTraining,0.0,59.15,,,0.0,113.1,146.0,0.42467827403482206,1,58.05,1.1166666666666667,0.0,0.0,0.0,56.771558947687524,17341158842
"Feb 08, 2026 10:42 AM",Morning Yoga,Yoga,0.0,67.33333333333333,,,0.0,103.2,132.0,0.34973504920514764,1,67.46666666666667,0.0,0.0,0.0,0.0,46.08867645404011,17331455663
"Feb 06, 2026 05:31 PM",Afternoon Weight Training - Push,WeightTraining,0.0,54.45,,,0.0,118.7,155.0,0.4670704012112037,1,50.71666666666667,2.683333333333333,1.1,0.0,0.0,62.351188836383095,17311000555
"Feb 05, 2026 12:42 PM",Lunch Weight Training - Legs,WeightTraining,0.0,44.6,,,0.0,110.7,141.0,0.40651021953065863,1,41.53333333333333,3.1666666666666665,0.0,0.0,0.0,39.57063372313908,17298009739
"Feb 04, 2026 02:19 PM",Afternoon Weight Training,WeightTraining,0.0,65.41666666666667,,,0.0,109.3,141.0,0.3959121877365632,1,64.7,0.7333333333333333,0.0,0.0,0.0,55.38814756483637,17288119418
"Feb 02, 2026 01:56 PM",Afternoon Weight Training - Push,WeightTraining,0.0,34.766666666666666,,,0.0,103.3,130.0,0.3504920514761544,1,34.833333333333336,0.0,0.0,0.0,0.0,23.88346937630832,17263818170
"Feb 01, 2026 01:30 PM",Afternoon Yoga,Yoga,0.0,63.7,,,0.0,121.1,149.0,0.4852384557153671,1,56.666666666666664,7.116666666666666,0.0,0.0,0.0,78.47087602910653,17253876775
"Jan 31, 2026 10:59 AM",Digging out of Philly,Workout,0.0,70.25,,,0.0,121.4,151.0,0.48750946252838767,1,59.86666666666667,10.316666666666666,0.1,0.0,0.0,87.32466005818968,17240814703
"Jan 30, 2026 12:33 PM",Lunch Weight Training - Legs,WeightTraining,0.0,42.233333333333334,,,0.0,106.7,149.0,0.37623012869038613,1,40.25,2.0,0.0,0.0,0.0,32.72100961029369,17230904693
"Jan 29, 2026 11:47 AM",Lunch Weight Training - Pull,WeightTraining,0.0,50.4,,,0.0,110.3,141.0,0.40348221044663135,1,49.93333333333333,0.5333333333333333,0.0,0.0,0.0,44.12621890487196,17220006470
"Jan 27, 2026 12:06 PM",Lunch Weight Training,WeightTraining,0.0,46.1,,,0.0,112.2,146.0,0.4178652535957608,1,41.21666666666667,4.933333333333334,0.0,0.0,0.0,42.97067810952053,17201509841
"Jan 26, 2026 12:21 PM",Lunch Weight Training - Legs,WeightTraining,0.0,35.5,,,0.0,114.9,149.0,0.4383043149129448,1,29.116666666666667,6.45,0.0,0.0,0.0,36.09791668673653,17188970012
"Jan 25, 2026 11:14 AM",Lunch Weight Training - Light Push Day,WeightTraining,0.0,37.833333333333336,,,0.0,101.5,125.0,0.3368660105980318,1,37.86666666666667,0.0,0.0,0.0,0.0,24.334698806597153,17175185550
"Jan 24, 2026 04:53 PM",Afternoon Weight Training,WeightTraining,0.0,60.43333333333333,,,0.0,118.7,164.0,0.4670704012112037,1,51.13333333333333,3.5166666666666666,5.8,0.06666666666666667,0.0,69.2027581024564,17167929336
"Jan 22, 2026 12:36 PM",Lunch Weight Training,WeightTraining,0.0,39.21666666666667,,,0.0,118.8,151.0,0.46782740348221047,1,33.95,5.233333333333333,0.08333333333333333,0.0,0.0,45.04556775179707,17167929335
"Jan 21, 2026 11:54 AM",Lunch Weight Training,WeightTraining,0.0,58.983333333333334,,,0.0,106.9,146.0,0.37774413323239975,1,57.4,1.6166666666666667,0.0,0.0,0.0,46.01582896161521,17167929332
"Jan 19, 2026 01:04 PM",Afternoon Weight Training - Pull,WeightTraining,0.0,60.5,,,0.0,116.8,159.0,0.45268735806207416,1,49.833333333333336,5.483333333333333,5.233333333333333,0.0,0.0,65.31681728490211,17110330623
"Jan 17, 2026 03:15 PM",Afternoon Weight Training,WeightTraining,0.0,50.083333333333336,,,0.0,121.0,156.0,0.48448145344436033,1,40.5,7.816666666666666,1.7833333333333334,0.0,0.0,61.511032390750415,17110330622
"Jan 16, 2026 12:46 PM",Lunch Weight Training,WeightTraining,0.0,70.71666666666667,,,0.0,103.3,160.0,0.3504920514761544,1,66.13333333333334,1.2,3.433333333333333,0.0,0.0,48.57984686657536,17075714330
"Jan 15, 2026 01:07 PM",Afternoon Weight Training - Pull,WeightTraining,0.0,71.06666666666666,,,0.0,113.2,151.0,0.42543527630582895,1,65.63333333333334,5.433333333333334,0.1,0.0,0.0,68.43002426102122,17062005714
"Jan 13, 2026 12:25 PM",Lunch Weight Training - Push,WeightTraining,0.0,51.9,,,0.0,102.1,128.0,0.3414080242240726,1,51.95,0.0,0.0,0.0,0.0,34.12892385519207,17037435744
"Jan 12, 2026 08:08 AM",Morning Weight Training - Legs,WeightTraining,0.0,46.2,,,0.0,113.7,146.0,0.429220287660863,1,41.78333333333333,4.483333333333333,0.0,0.0,0.0,45.20907086698556,17022823169
"Jan 10, 2026 05:02 PM",Afternoon Weight Training - Pull,WeightTraining,0.0,50.78333333333333,,,0.0,106.4,132.0,0.3739591218773657,1,50.833333333333336,0.0,0.0,0.0,0.0,38.937622532069376,17005821240
"Jan 09, 2026 01:11 PM",Afternoon Weight Training - Push,WeightTraining,0.0,52.78333333333333,,,0.0,120.9,143.0,0.4837244511733536,1,50.2,2.6166666666666667,0.0,0.0,0.0,64.63180198383108,16992598079
"Jan 08, 2026 12:55 PM",Lunch Run,Run,1.2902147444,12.2,9.455790249609551,9:27 /mi,6.56168,145.2,158.0,0.667676003028009,2,2.033333333333333,3.816666666666667,6.433333333333334,0.0,0.0,29.353788823634932,16981611791
"Jan 07, 2026 12:28 PM",Lunch Weight Training - Legs,WeightTraining,0.0,46.083333333333336,,,0.0,119.2,152.0,0.47085541256623775,1,39.5,5.75,0.85,0.0,0.0,53.58609067554952,16970587732
"Jan 06, 2026 02:29 PM",Afternoon Weight Training - Pull,WeightTraining,0.0,65.35,,,0.0,117.6,160.0,0.4587433762301287,1,58.233333333333334,3.6,3.65,0.0,0.0,72.33299619617155,16960684857
"Jan 05, 2026 12:14 PM",Lunch Weight Training - Push,WeightTraining,0.0,57.3,,,0.0,101.8,144.0,0.33913701741105223,1,56.88333333333333,0.5,0.0,0.0,0.0,37.26641895557219,16947747494
"Jan 04, 2026 12:15 PM",Lunch Weight Training - Legs,WeightTraining,0.0,46.71666666666667,,,0.0,110.4,140.0,0.40423921271763824,1,46.4,0.35,0.0,0.0,0.0,41.03772689576283,16937774674
"Jan 03, 2026 10:20 AM",Morning Weight Training,WeightTraining,0.0,38.666666666666664,,,0.0,112.9,136.0,0.42316426949280855,1,38.7,0.0,0.0,0.0,0.0,36.872221714916,16925145110
"Jan 02, 2026 01:52 PM",Afternoon Weight Training - Push,WeightTraining,0.0,42.9,,,0.0,107.9,144.0,0.3853141559424679,1,41.96666666666667,0.9666666666666667,0.0,0.0,0.0,34.6389481265585,16916081028
"Dec 31, 2025 01:04 PM",Afternoon Weight Training - Legs,WeightTraining,0.0,34.13333333333333,,,0.0,120.8,146.0,0.4829674489023467,1,29.933333333333334,4.216666666666667,0.0,0.0,0.0,41.6693524206421,16897231359
"Dec 27, 2025 12:21 PM",Lunch Weight Training - Pull,WeightTraining,0.0,44.35,,,0.0,126.3,158.0,0.5246025738077215,1,35.03333333333333,7.183333333333334,2.2666666666666666,0.0,0.0,63.70323493094752,16857014501
"Dec 21, 2025 11:34 AM",Lunch Weight Training - Push,WeightTraining,0.0,46.21666666666667,,,0.0,105.6,139.0,0.3679031037093111,1,46.15,0.08333333333333333,0.0,0.0,0.0,34.459294638378275,16804865165
"Dec 17, 2025 11:57 AM",Lunch Weight Training,WeightTraining,0.0,41.983333333333334,,,0.0,113.4,141.0,0.4269492808478426,1,41.68333333333333,0.3333333333333333,0.0,0.0,0.0,40.68767741275047,16776226974
"Dec 16, 2025 02:27 PM",Afternoon Weight Training,WeightTraining,0.0,28.95,,,0.0,108.9,135.0,0.392884178652536,1,29.016666666666666,0.0,0.0,0.0,0.0,24.183423174906384,16764108841
"Dec 15, 2025 11:34 AM",Lunch Weight Training - Push,WeightTraining,0.0,49.11666666666667,,,0.0,110.3,150.0,0.40348221044663135,1,45.583333333333336,3.566666666666667,0.08333333333333333,0.0,0.0,43.00263462720161,16750403164
"Dec 09, 2025 02:04 PM",Afternoon Weight Training,WeightTraining,0.0,36.75,,,0.0,108.1,131.0,0.38682816048448143,1,36.766666666666666,0.0,0.0,0.0,0.0,29.87654067013552,16749559715
"Dec 08, 2025 05:42 PM",Afternoon Weight Training - Push,WeightTraining,0.0,38.86666666666667,,,0.0,104.7,131.0,0.36109008327024983,1,38.9,0.0,0.0,0.0,0.0,28.072827945664,16689606629
"Dec 07, 2025 11:49 AM",Lunch Weight Training - Legs,WeightTraining,0.0,44.416666666666664,,,0.0,127.1,168.0,0.5306585919757759,1,29.2,7.9,6.2,1.15,0.0,65.2902590898454,16689606628
"Dec 05, 2025 01:52 PM",Afternoon Weight Training,WeightTraining,0.0,49.65,,,0.0,110.4,138.0,0.40423921271763824,1,49.31666666666667,0.36666666666666664,0.0,0.0,0.0,43.61448035050926,16689606625
"Dec 03, 2025 12:17 PM",Lunch Weight Training,WeightTraining,0.0,55.35,,,0.0,110.4,151.0,0.40423921271763824,1,54.416666666666664,0.8,0.16666666666666666,0.0,0.0,48.62158081370973,16645005965
"Dec 02, 2025 05:06 PM",Afternoon Weight Training - Legs,WeightTraining,0.0,24.45,,,0.0,123.8,154.0,0.5056775170325511,1,15.95,5.75,2.9,0.0,0.0,32.644451992955425,16634224068
"Dec 01, 2025 11:31 AM",Lunch Weight Training - Pull,WeightTraining,0.0,53.53333333333333,,,0.0,105.4,151.0,0.36638909916729756,1,51.766666666666666,1.6,0.23333333333333334,0.0,0.0,39.63498490505078,16620504357
"Nov 27, 2025 09:15 AM",Morning Run,Run,1.0055025522,9.666666666666666,9.613766415128813,9:37 /mi,19.68504,147.5,160.0,0.6850870552611659,2,1.4333333333333333,2.8666666666666667,5.45,0.0,0.0,24.67625207279677,16582804404
"Nov 26, 2025 11:53 AM",Lunch Weight Training - Push,WeightTraining,0.0,49.6,,,0.0,110.5,134.0,0.40499621498864496,1,49.666666666666664,0.0,0.0,0.0,0.0,43.71564332559834,16578596856
"Nov 25, 2025 11:47 AM",Lunch Weight Training - Legs,WeightTraining,0.0,47.35,,,0.0,130.8,161.0,0.5586676760030281,1,32.46666666666667,8.733333333333333,6.283333333333333,0.0,0.0,77.3243009128548,16568626458
"Nov 24, 2025 11:51 AM",Lunch Weight Training - Pull,WeightTraining,0.0,43.016666666666666,,,0.0,112.7,144.0,0.4216502649507949,1,41.96666666666667,1.1333333333333333,0.0,0.0,0.0,40.754940907761664,16556371132
"Nov 20, 2025 04:47 PM",Afternoon Weight Training - Legs,WeightTraining,0.0,35.6,,,0.0,119.2,151.0,0.47085541256623775,1,31.083333333333332,4.483333333333333,0.13333333333333333,0.0,0.0,41.39598180216049,16519213155
"Nov 17, 2025 12:11 PM",Lunch Run,Run,2.0005039345,23.116666666666667,11.55542174549353,11:33 /mi,193.56956,130.6,167.0,0.5571536714610144,1,14.833333333333334,4.466666666666667,3.2333333333333334,0.6666666666666666,0.0,37.538787115185386,16487298455
"Nov 14, 2025 09:47 AM",Morning Run,Run,1.29866539,12.65,9.740769329349726,9:44 /mi,38.713912,142.9,161.0,0.6502649507948525,2,4.3,4.033333333333333,4.483333333333333,0.0,0.0,28.668258587383495,16456805028
"Nov 10, 2025 10:56 AM",Morning Weight Training,WeightTraining,0.0,57.166666666666664,,,0.0,98.1,137.0,0.3111279333838001,1,57.06666666666667,0.13333333333333333,0.0,0.0,0.0,32.32320909432632,16490497609
"Nov 07, 2025 04:48 PM",Afternoon Stair-Stepper,StairStepper,0.0,25.733333333333334,,,0.0,123.8,142.0,0.5056775170325511,1,22.333333333333332,3.433333333333333,0.0,0.0,0.0,34.35789630342412,16387733709
"Nov 06, 2025 03:59 PM",Afternoon Weight Training - Pull,WeightTraining,0.0,52.8,,,0.0,110.1,137.0,0.4019682059046177,1,52.5,0.3333333333333333,0.0,0.0,0.0,45.920326527140006,16378311613
"Nov 05, 2025 11:55 AM",Lunch Weight Training - Push,WeightTraining,0.0,54.0,,,0.0,95.8,128.0,0.2937168811506434,1,54.15,0.0,0.0,0.0,0.0,27.876429012103035,16365754916
"Nov 03, 2025 11:46 AM",Lunch Weight Training - Legs,WeightTraining,0.0,58.68333333333333,,,0.0,104.3,137.0,0.35806207418622255,1,58.68333333333333,0.06666666666666667,0.0,0.0,0.0,41.78703079561388,16343604947
"Nov 02, 2025 01:02 PM",Afternoon Weight Training - Pull,WeightTraining,0.0,56.46666666666667,,,0.0,104.6,140.0,0.360333080999243,1,56.21666666666667,0.3,0.0,0.0,0.0,40.64043710616565,16335370284
"Oct 31, 2025 12:27 PM",Lunch Weight Training - Push,WeightTraining,0.0,75.95,,,0.0,117.4,144.0,0.4572293716881151,1,73.85,2.1666666666666665,0.0,0.0,0.0,83.54500896014709,16313951865
"Oct 30, 2025 02:36 PM",Afternoon Weight Training - Legs,WeightTraining,0.0,42.6,,,0.0,114.4,148.0,0.43451930355791074,1,39.06666666666667,3.6333333333333333,0.0,0.0,0.0,42.632480163052165,16305320890
"Oct 28, 2025 04:13 PM",Afternoon Weight Training - Pull,WeightTraining,0.0,56.55,,,0.0,104.5,139.0,0.3595760787282362,1,56.416666666666664,0.15,0.0,0.0,0.0,40.555920434978205,16286042813
"Oct 27, 2025 08:27 PM",Evening Workout,Workout,0.0,20.166666666666668,,,0.0,123.4,163.0,0.5026495079485239,1,16.233333333333334,2.15,1.6833333333333333,0.13333333333333333,0.0,26.60917221820155,16277019441
"Oct 27, 2025 11:37 AM",Lunch Weight Training - Push,WeightTraining,0.0,51.733333333333334,,,0.0,101.4,133.0,0.33610900832702506,1,51.81666666666667,0.0,0.0,0.0,0.0,33.15229261217399,16272696136
"Oct 24, 2025 01:00 PM",Afternoon Weight Training - Legs,WeightTraining,0.0,41.85,,,0.0,119.7,160.0,0.4746404239212718,1,35.333333333333336,3.8,2.7666666666666666,0.0,0.0,49.412510789325204,16245694688
"Oct 22, 2025 02:20 PM",Afternoon Weight Training - Pull,WeightTraining,0.0,51.65,,,0.0,113.6,149.0,0.4284632853898561,1,49.016666666666666,2.716666666666667,0.0,0.0,0.0,50.37975849248991,16225384738
"Oct 22, 2025 12:30 PM",Lunch Run,Run,1.5093722961,14.55,9.639768821512822,9:38 /mi,19.028872,144.4,159.0,0.6616199848599547,2,3.1,6.633333333333334,4.883333333333334,0.0,0.0,34.28944002168034,16223771124
"Oct 21, 2025 12:15 PM",Lunch Weight Training - Pull,WeightTraining,0.0,66.23333333333333,,,0.0,109.9,141.0,0.4004542013626041,1,65.9,0.4,0.0,0.0,0.0,57.21980357665818,16213493132
"Oct 20, 2025 06:26 PM",Evening Run,Run,1.0046947699000002,10.55,10.500701622095702,10:30 /mi,9.186352,144.2,156.0,0.6601059803179409,2,1.5166666666666666,6.133333333333334,2.9166666666666665,0.0,0.0,24.73389231332818,16205502682
"Oct 19, 2025 04:30 PM",Afternoon Weight Training - Legs,WeightTraining,0.0,47.28333333333333,,,0.0,123.6,157.0,0.5041635124905375,1,37.733333333333334,6.666666666666667,2.9166666666666665,0.0,0.0,62.75869803984589,16195648238
"Oct 18, 2025 11:58 AM",Lunch Run,Run,1.0130832784000001,10.35,10.216336821140843,10:13 /mi,9.84252,141.6,154.0,0.6404239212717638,2,2.55,6.216666666666667,1.7,0.0,0.0,22.668482047618838,16182361571
"Oct 17, 2025 12:37 PM",Lunch Weight Training - Pull,WeightTraining,0.0,40.833333333333336,,,0.0,110.6,134.0,0.40575321725965174,1,40.86666666666667,0.0,0.0,0.0,0.0,36.108733995277234,16172089358
"Oct 16, 2025 02:56 PM",Afternoon Weight Training - Push,WeightTraining,0.0,53.03333333333333,,,0.0,116.6,147.0,0.45117335352006055,1,51.333333333333336,1.7333333333333334,0.0,0.0,0.0,56.89854945796359,16163438309
"Oct 14, 2025 04:35 PM",Afternoon Weight Training - Legs,WeightTraining,0.0,41.65,,,0.0,118.3,159.0,0.4640423921271764,1,34.56666666666667,4.4,2.7333333333333334,0.0,0.0,47.109910500458334,16142666204
"Oct 13, 2025 04:57 PM",Afternoon Weight Training - Pull,WeightTraining,0.0,55.65,,,0.0,103.0,137.0,0.348221044663134,1,55.61666666666667,0.13333333333333333,0.0,0.0,0.0,37.81661923997694,16131639139
"Oct 12, 2025 05:09 PM",Afternoon Weight Training - Push,WeightTraining,0.0,55.5,,,0.0,112.0,141.0,0.41635124905374715,1,54.93333333333333,0.6166666666666667,0.0,0.0,0.0,51.39553971071723,16122028435
"Oct 11, 2025 01:52 PM",Afternoon Weight Training - Legs,WeightTraining,0.0,42.0,,,0.0,114.5,150.0,0.4352763058289175,1,40.55,1.4,0.08333333333333333,0.0,0.0,42.16649134859176,16109296244
"Oct 10, 2025 05:22 PM",Afternoon Run,Run,1.0094793266,10.416666666666666,10.31885090876577,10:19 /mi,0.0,137.6,151.0,0.6101438304314912,2,4.266666666666667,5.783333333333333,0.43333333333333335,0.0,0.0,20.508156394719435,16099472755
"Oct 10, 2025 12:45 PM",Lunch Weight Training - Push,WeightTraining,0.0,41.63333333333333,,,0.0,104.5,147.0,0.3595760787282362,1,40.666666666666664,1.05,0.0,0.0,0.0,29.858145961266004,16099472779
"Oct 09, 2025 03:30 PM",Afternoon Weight Training - Pull (light),WeightTraining,0.0,25.016666666666666,,,0.0,110.7,135.0,0.40651021953065863,1,25.1,0.0,0.0,0.0,0.0,22.19563573185043,16089160698
"Oct 08, 2025 03:00 PM",Afternoon Weight Training - Legs,WeightTraining,0.0,30.133333333333333,,,0.0,101.8,140.0,0.33913701741105223,1,29.916666666666668,0.25,0.0,0.0,0.0,19.59793062003331,16078458933
"Oct 06, 2025 11:44 AM",Lunch Weight Training - Push,WeightTraining,0.0,47.6,,,0.0,105.8,132.0,0.36941710825132473,1,47.7,0.0,0.0,0.0,0.0,35.74050753588748,16053441643
"Oct 04, 2025 12:45 PM",Lunch Weight Training - Pull,WeightTraining,0.0,52.21666666666667,,,0.0,117.7,144.0,0.45950037850113556,1,50.06666666666667,2.2333333333333334,0.0,0.0,0.0,57.975873043277545,16033221855
"Oct 03, 2025 04:27 PM",Afternoon Run,Run,1.0430333606,10.916666666666666,10.466267982442005,10:28 /mi,16.4042,141.4,158.0,0.6389099167297503,2,4.583333333333333,3.6666666666666665,3.066666666666667,0.0,0.0,23.783829181834967,16023595887
"Oct 02, 2025 02:38 PM",Afternoon Weight Training - Legs,WeightTraining,0.0,26.916666666666668,,,0.0,112.5,142.0,0.42013626040878127,1,26.383333333333333,0.5666666666666667,0.0,0.0,0.0,25.336121446058087,16013085317
"Oct 01, 2025 04:57 PM",Afternoon Weight Training,WeightTraining,0.0,40.85,,,0.0,109.8,139.0,0.3996971990915973,1,40.7,0.18333333333333332,0.0,0.0,0.0,35.17295356907463,16101187943
"Sep 29, 2025 11:59 AM",Lunch Weight Training - Pull,WeightTraining,0.0,75.78333333333333,,,0.0,108.1,141.0,0.38682816048448143,1,75.0,0.8166666666666667,0.0,0.0,0.0,61.60935620276925,15977959354
"Sep 27, 2025 04:21 PM",Afternoon Weight Training - Legs,WeightTraining,0.0,37.266666666666666,,,0.0,116.2,143.0,0.4481453444360333,1,35.766666666666666,1.6,0.0,0.0,0.0,39.48420283678261,15957546185
"Sep 27, 2025 01:12 PM",Afternoon Run,Run,3.1238805654,33.4,10.691830017426824,10:42 /mi,84.645672,147.6,159.0,0.6858440575321726,2,5.0,9.216666666666667,19.45,0.0,0.0,85.47906498334196,15956461721
"Sep 26, 2025 12:20 PM",Lunch Weight Training - Push,WeightTraining,0.0,60.06666666666667,,,0.0,108.6,141.0,0.3906131718395155,1,59.35,0.8333333333333334,0.0,0.0,0.0,49.66968600105957,15944606126
"Sep 24, 2025 02:33 PM",Afternoon Weight Training - Pull,WeightTraining,0.0,52.9,,,0.0,106.4,142.0,0.3739591218773657,1,52.53333333333333,0.38333333333333336,0.0,0.0,0.0,40.56055592936928,15924923649
"Sep 23, 2025 02:39 PM",Afternoon Weight Training - Legs,WeightTraining,0.0,39.21666666666667,,,0.0,115.5,140.0,0.44284632853898565,1,37.88333333333333,1.4,0.0,0.0,0.0,40.64331297531963,15913553546
"Sep 22, 2025 12:19 PM",Lunch Weight Training - Push,WeightTraining,0.0,54.55,,,0.0,103.9,128.0,0.3550340651021954,1,54.68333333333333,0.0,0.0,0.0,0.0,38.29202236694357,15900574669
"Sep 22, 2025 10:30 AM",Morning Run,Run,1.1370467929,11.683333333333334,10.275156138064801,10:17 /mi,9.186352,134.4,150.0,0.5859197577592733,1,6.566666666666666,5.1,0.1,0.0,0.0,21.084893343466614,15898968088
"Sep 20, 2025 11:23 AM",Lunch Walk,Walk,1.1860108277,21.25,17.917205731763488,17:55 /mi,43.963256,108.7,118.0,0.3913701741105224,1,23.366666666666667,0.0,0.0,0.0,0.0,17.631484565604495,15887853289
"Sep 20, 2025 10:50 AM",Morning Run,Run,1.1929080458,11.616666666666667,9.738107398610243,9:44 /mi,20.997376000000003,151.5,161.0,0.7153671461014384,3,0.9833333333333333,1.1,9.616666666666667,0.0,0.0,32.81830345867299,15887853282
"Sep 19, 2025 11:26 AM",Lunch Weight Training - Pull,WeightTraining,0.0,44.25,,,0.0,113.2,146.0,0.42543527630582895,1,42.93333333333333,1.35,0.0,0.0,0.0,42.60828199179441,15866594485
"Sep 19, 2025 07:52 AM",Morning Run,Run,1.4344349535,14.65,10.21308074252807,10:13 /mi,19.028872,143.3,157.0,0.6532929598788797,2,2.933333333333333,7.45,4.666666666666667,0.0,0.0,33.54987726003012,15864236654
"Sep 18, 2025 02:53 PM",Afternoon Weight Training - Push,WeightTraining,0.0,45.38333333333333,,,0.0,107.4,136.0,0.3815291445874338,1,45.45,0.0,0.0,0.0,0.0,36.021387223936884,15858485342
"Sep 17, 2025 02:34 PM",Afternoon Weight Training - Legs,WeightTraining,0.0,31.033333333333335,,,0.0,117.6,152.0,0.4587433762301287,1,28.333333333333332,2.4833333333333334,0.31666666666666665,0.0,0.0,34.34941058843955,15846253805
"Sep 15, 2025 05:26 PM",Afternoon Weight Training - Pull,WeightTraining,0.0,40.2,,,0.0,102.3,129.0,0.3429220287660863,1,40.3,0.0,0.0,0.0,0.0,26.629646142664146,15824210476
"Sep 11, 2025 05:02 PM",Afternoon Weight Training -  Push,WeightTraining,0.0,52.36666666666667,,,0.0,116.3,147.0,0.4489023467070401,1,51.68333333333333,0.7,0.0,0.0,0.0,55.65727832864772,15780034841
"Sep 11, 2025 03:58 PM",Afternoon Yoga,Yoga,0.0,52.43333333333333,,,0.0,113.6,143.0,0.4284632853898561,1,49.766666666666666,2.683333333333333,0.0,0.0,0.0,51.14382711112399,15780034498
"Sep 10, 2025 11:46 AM",Lunch Weight Training,WeightTraining,0.0,41.46666666666667,,,0.0,119.0,150.0,0.4693414080242241,1,36.233333333333334,5.066666666666666,0.2,0.0,0.0,47.92324020851015,16101188217
"Sep 09, 2025 04:04 PM",Afternoon Weight Training - Push,WeightTraining,0.0,52.983333333333334,,,0.0,115.2,140.0,0.4405753217259652,1,52.56666666666667,0.8,0.0,0.0,0.0,54.39151457464352,15757320473
"Sep 08, 2025 03:22 PM",Afternoon Weight Training - Pull,WeightTraining,0.0,59.266666666666666,,,0.0,108.2,138.0,0.3875851627554883,1,58.53333333333333,0.7666666666666667,0.0,0.0,0.0,48.346356748166784,15744324113
"Sep 04, 2025 02:45 PM",Afternoon Weight Training - Push,WeightTraining,0.0,57.166666666666664,,,0.0,122.6,157.0,0.4965934897804693,1,52.03333333333333,4.583333333333333,0.6833333333333333,0.0,0.0,73.65904623596063,15698528309
"Sep 03, 2025 12:15 PM",Lunch Weight Training - Legs,WeightTraining,0.0,45.0,,,0.0,121.9,154.0,0.49129447388342173,1,40.43333333333333,4.433333333333334,0.18333333333333332,0.0,0.0,56.78296062973159,15685172158
"Sep 02, 2025 12:10 PM",Lunch Weight Training,WeightTraining,0.0,44.71666666666667,,,0.0,114.0,144.0,0.43149129447388346,1,43.11666666666667,1.6166666666666667,0.0,0.0,0.0,44.18130032081664,16101188317
"Aug 31, 2025 04:23 PM",Afternoon Weight Training - Push,WeightTraining,0.0,29.166666666666668,,,0.0,111.6,135.0,0.41332323996971987,1,29.216666666666665,0.0,0.0,0.0,0.0,26.657800158467566,15653479886
"Aug 28, 2025 03:24 PM",Afternoon Weight Training - Legs,WeightTraining,0.0,47.45,,,0.0,114.2,146.0,0.43300529901589707,1,45.53333333333333,2.0166666666666666,0.0,0.0,0.0,47.18336462222255,15626872723
"Aug 27, 2025 03:53 PM",Afternoon Weight Training - Pull,WeightTraining,0.0,60.233333333333334,,,0.0,121.6,153.0,0.4890234670704012,1,54.733333333333334,5.116666666666666,0.4666666666666667,0.0,0.0,75.32455407349005,15609324378
"Aug 26, 2025 01:46 PM",Afternoon Weight Training - Push,WeightTraining,0.0,47.233333333333334,,,0.0,102.0,133.0,0.34065102195306585,1,47.35,0.0,0.0,0.0,0.0,30.946289295483247,15596091333
"Aug 25, 2025 03:21 PM",Afternoon Weight Training - Legs,WeightTraining,0.0,46.85,,,0.0,110.6,140.0,0.40575321725965174,1,46.06666666666667,0.8,0.0,0.0,0.0,41.42924541254053,15584962145
"Aug 22, 2025 02:49 PM",Afternoon Weight Training - Push,WeightTraining,0.0,40.6,,,0.0,108.9,135.0,0.392884178652536,1,40.68333333333333,0.0,0.0,0.0,0.0,33.91526704321932,15550283416
"Aug 21, 2025 03:26 PM",Afternoon Weight Training - Pull,WeightTraining,0.0,47.2,,,0.0,114.8,140.0,0.4375473126419379,1,46.833333333333336,0.45,0.0,0.0,0.0,47.842496709010206,15539819844
"Aug 19, 2025 05:49 PM",Afternoon Weight Training,WeightTraining,0.0,39.36666666666667,,,0.0,111.5,142.0,0.4125662376987131,1,38.55,0.9,0.0,0.0,0.0,35.862353672339054,15518142180
"Aug 18, 2025 12:27 PM",Lunch Weight Training,WeightTraining,0.0,57.65,,,0.0,107.4,137.0,0.3815291445874338,1,57.65,0.016666666666666666,0.0,0.0,0.0,45.75761234212181,16101188098
"Aug 17, 2025 07:05 PM",Evening Run,Run,1.0096036008,10.333333333333334,10.235040094097625,10:14 /mi,7.217848000000001,141.2,155.0,0.6373959121877365,2,2.1333333333333333,7.2,1.0833333333333333,0.0,0.0,22.394396625874233,15495294039
"Aug 16, 2025 12:14 PM",Lunch Weight Training,WeightTraining,0.0,32.21666666666667,,,0.0,100.2,136.0,0.32702498107494327,1,32.25,0.0,0.0,0.0,0.0,19.74012101380704,15480811114
"Aug 15, 2025 01:47 PM",Afternoon Weight Training,WeightTraining,0.0,61.8,,,0.0,105.4,131.0,0.36638909916729756,1,61.81666666666667,0.0,0.0,0.0,0.0,45.75545579947954,15470531129
"Aug 14, 2025 01:43 PM",Afternoon Weight Training,WeightTraining,0.0,50.05,,,0.0,107.5,136.0,0.3822861468584406,1,50.06666666666667,0.0,0.0,0.0,0.0,39.862101382824704,15459356527
"Aug 13, 2025 09:57 AM",Morning Weight Training,WeightTraining,0.0,39.28333333333333,,,0.0,109.5,148.0,0.39742619227857684,1,37.016666666666666,2.3666666666666667,0.0,0.0,0.0,33.48550263358558,15451638212
"Aug 11, 2025 03:02 PM",Afternoon Weight Training,WeightTraining,0.0,50.06666666666667,,,0.0,106.7,137.0,0.37623012869038613,1,50.1,0.016666666666666666,0.0,0.0,0.0,38.79002086397879,15451638234
"Aug 07, 2025 12:33 PM",Lunch Weight Training - Push,WeightTraining,0.0,42.93333333333333,,,0.0,100.2,140.0,0.32702498107494327,1,42.5,0.4666666666666667,0.0,0.0,0.0,26.30654512755661,15379021540
"Aug 05, 2025 06:51 PM",Penn Tennis Clinic,Tennis,0.0,70.3,,,0.0,121.5,151.0,0.4882664647993944,1,59.56666666666667,10.716666666666667,0.16666666666666666,0.0,0.0,87.64980823407568,15366291609
"Aug 05, 2025 12:28 PM",Lunch Weight Training - Legs,WeightTraining,0.0,51.86666666666667,,,0.0,107.9,152.0,0.3853141559424679,1,49.68333333333333,1.9166666666666667,0.3,0.0,0.0,41.87894583133258,15355195063
"Aug 04, 2025 11:21 AM",Lunch Weight Training - Pull,WeightTraining,0.0,64.48333333333333,,,0.0,99.0,132.0,0.31794095382286147,1,64.6,0.0,0.0,0.0,0.0,37.74918290550122,15366290654
"Aug 02, 2025 01:59 PM",Afternoon Tennis,Tennis,0.0,68.73333333333333,,,0.0,142.2,159.0,0.6449659348978046,2,15.8,39.85,13.133333333333333,0.0,0.0,152.93471029596768,15324623799
"Aug 01, 2025 11:57 AM",Lunch Weight Training,WeightTraining,0.0,65.88333333333334,,,0.0,99.9,132.0,0.3247539742619228,1,66.0,0.0,0.0,0.0,0.0,39.91394438057325,15310427923
"Jul 31, 2025 04:01 PM",Afternoon Weight Training,WeightTraining,0.0,45.733333333333334,,,0.0,96.7,128.0,0.30052990158970483,1,45.75,0.0,0.0,0.0,0.0,24.47462371014994,15324623938
"Jul 29, 2025 05:43 PM",Afternoon Workout,Workout,0.2983202171,11.816666666666666,39.61068003214009,39:37 /mi,14.435696000000002,124.0,137.0,0.5071915215745647,1,37.3,0.15,0.0,0.0,0.0,15.870342145931632,15280087765
"Jul 29, 2025 03:31 PM",Afternoon Weight Training - Pull,WeightTraining,0.0,50.96666666666667,,,0.0,99.7,129.0,0.3232399697199092,1,51.15,0.0,0.0,0.0,0.0,30.64385873702779,15279240652
"Jul 28, 2025 09:38 PM",Night Walk,Walk,1.2208697408,25.116666666666667,20.57276532237457,20:34 /mi,45.93176,120.8,129.0,0.4829674489023467,1,29.733333333333334,0.0,0.0,0.0,0.0,30.661969774368966,15296089641
"Jul 28, 2025 03:13 PM",Afternoon Weight Training,WeightTraining,0.0,69.63333333333334,,,0.0,107.7,135.0,0.38380015140045426,1,69.7,0.0,0.0,0.0,0.0,55.84088848836608,15296089725
"Jul 28, 2025 12:12 PM",Lunch Run,Run,1.0030170682000001,10.483333333333333,10.451799541304487,10:27 /mi,7.874015999999999,141.7,160.0,0.6411809235427706,2,2.966666666666667,5.566666666666666,2.05,0.0,0.0,23.021083220453722,15265031747
"Jul 27, 2025 12:39 PM",Lunch Weight Training - Legs,WeightTraining,0.0,49.38333333333333,,,0.0,121.3,158.0,0.4867524602573808,1,42.2,6.716666666666667,0.48333333333333334,0.0,0.0,61.201893510941886,15256009378
"Jul 26, 2025 12:36 PM",Lunch Tennis,Tennis,0.0,82.86666666666666,,,0.0,129.9,158.0,0.5518546555639667,1,55.45,25.233333333333334,2.2,0.0,0.0,131.93683120643212,15296091221
"Jul 24, 2025 12:14 PM",Lunch Weight Training - Pull,WeightTraining,0.0,58.483333333333334,,,0.0,113.2,143.0,0.42543527630582895,1,57.56666666666667,0.9333333333333333,0.0,0.0,0.0,56.31354482455991,15223153648
"Jul 23, 2025 05:53 PM",Afternoon Weight Training - Push,WeightTraining,0.0,40.666666666666664,,,0.0,115.8,147.0,0.44511733535200604,1,38.083333333333336,2.6166666666666667,0.0,0.0,0.0,42.547312128975946,15214984682
"Jul 22, 2025 04:55 PM",Afternoon Weight Training - Legs,WeightTraining,0.0,50.68333333333333,,,0.0,111.5,140.0,0.4125662376987131,1,50.6,0.13333333333333333,0.0,0.0,0.0,46.17164162471764,15203103360
"Jul 19, 2025 04:36 PM",Afternoon Weight Training - Pull,WeightTraining,0.0,54.68333333333333,,,0.0,108.8,143.0,0.39212717638152916,1,54.06666666666667,0.7333333333333333,0.0,0.0,0.0,45.5255673140062,15169916708
"Jul 18, 2025 12:25 PM",Lunch Weight Training - Push,WeightTraining,0.0,54.333333333333336,,,0.0,111.0,143.0,0.408781226343679,1,53.36666666666667,1.0333333333333334,0.0,0.0,0.0,48.68751840989353,15157059025
"Jul 13, 2025 01:33 PM",Afternoon Walk,Walk,2.0023680475,34.016666666666666,16.98821887871074,16:59 /mi,108.923888,93.5,103.0,0.2763058289174868,1,46.766666666666666,0.0,0.0,0.0,0.0,15.976371367330401,15139329998
"Jul 11, 2025 12:56 PM",Lunch Walk,Walk,2.8043715972,62.483333333333334,22.28068969023908,22:17 /mi,137.13911199999998,96.8,110.0,0.30128690386071155,1,89.18333333333334,0.0,0.0,0.0,0.0,33.57153081671518,15079046791
"Jul 08, 2025 03:22 PM",Afternoon Walk,Walk,1.1801078032,23.683333333333334,20.068788011665724,20:04 /mi,163.385832,99.3,130.0,0.3202119606358819,1,42.15,0.0,0.0,0.0,0.0,14.024508480203576,15046191993
"Jul 06, 2025 11:30 AM",Lunch Walk,Walk,0.8432625841,11.483333333333333,13.617743215287208,13:37 /mi,36.08924,93.8,110.0,0.2785768357305072,1,24.483333333333334,0.0,0.0,0.0,0.0,5.461387438221026,15046192178
"Jun 30, 2025 04:45 PM",Afternoon Weight Training - Pull,WeightTraining,0.0,54.43333333333333,,,0.0,102.9,134.0,0.34746404239212725,1,54.5,0.0,0.0,0.0,0.0,36.85582127116066,14966746630
"Jun 25, 2025 07:00 PM",Tex Mex 5k,Run,3.1165483876000004,29.366666666666667,9.422817493708617,9:25 /mi,154.19948,150.8,172.0,0.7100681302043907,3,3.1333333333333333,5.933333333333334,18.5,1.9166666666666667,0.0,81.51578632672498,14916856573
"Jun 24, 2025 06:08 PM",Evening Weight Training - Push,WeightTraining,0.0,31.466666666666665,,,0.0,96.0,122.0,0.2952308856926571,1,31.533333333333335,0.0,0.0,0.0,0.0,16.375306839152536,14905874289
"Jun 15, 2025 10:49 AM",Morning Weight Training - Pull,WeightTraining,0.0,69.26666666666667,,,0.0,102.2,138.0,0.3421650264950795,1,69.2,0.1,0.0,0.0,0.0,45.716464940581616,14809129539
"Jun 13, 2025 03:52 PM",Afternoon Weight Training,WeightTraining,0.0,52.78333333333333,,,0.0,108.6,139.0,0.3906131718395155,1,52.7,0.1,0.0,0.0,0.0,43.647029846103116,14790202123
"Jun 09, 2025 05:20 PM",Afternoon Weight Training - Legs,WeightTraining,0.0,58.85,,,0.0,105.9,137.0,0.3701741105223316,1,58.8,0.11666666666666667,0.0,0.0,0.0,44.342532182206504,14749197078
"Jun 07, 2025 10:57 AM",Morning Weight Training - Pull,WeightTraining,0.0,35.516666666666666,,,0.0,114.0,137.0,0.43149129447388346,1,35.4,0.15,0.0,0.0,0.0,35.09144650900494,14725151254
"Jun 05, 2025 07:18 AM",Morning Weight Training - Push,WeightTraining,0.0,44.85,,,0.0,118.4,153.0,0.46479939439818324,1,42.516666666666666,2.216666666666667,0.21666666666666667,0.0,0.0,50.886061712874366,14703683085
"Jun 01, 2025 04:30 PM",Afternoon Ride,Ride,1.9590584888000002,15.7,8.014053735382276,8:01 /mi,75.45932,118.3,136.0,0.4640423921271764,1,16.183333333333334,0.0,0.0,0.0,0.0,17.758117523582136,14666926063
"Jun 01, 2025 01:29 PM",Afternoon Weight Training - Legs,WeightTraining,0.0,44.016666666666666,,,0.0,119.9,146.0,0.47615442846328543,1,40.8,3.2666666666666666,0.0,0.0,0.0,52.288256508046814,14665797131
"May 29, 2025 07:26 PM",Evening Walk,Walk,2.223886809,44.6,20.054977537303248,20:03 /mi,120.734912,91.2,103.0,0.2588947766843301,1,61.71666666666667,0.0,0.0,0.0,0.0,18.98175515450579,14636623921
"May 29, 2025 11:01 AM",Lunch Weight Training - Push,WeightTraining,0.0,66.06666666666666,,,0.0,107.4,143.0,0.3815291445874338,1,64.78333333333333,1.3166666666666667,0.0,0.0,0.0,52.43803854413728,14632723073
"May 27, 2025 02:20 PM",Afternoon Weight Training - Pull,WeightTraining,0.0,42.583333333333336,,,0.0,106.4,131.0,0.3739591218773657,1,42.6,0.0,0.0,0.0,0.0,32.65035299292329,14613652192
"May 25, 2025 03:21 PM",Afternoon Walk,Walk,1.4735813265,30.716666666666665,20.84490765068518,20:51 /mi,59.05512,104.9,111.0,0.3626040878122635,1,34.18333333333333,0.0,0.0,0.0,0.0,22.34408285825204,14595784670
"May 25, 2025 01:42 PM",New Trail Extension got some views!!,Run,6.025248175700001,60.733333333333334,10.079806102970599,10:05 /mi,345.144368,147.8,165.0,0.6873580620741864,2,8.366666666666667,24.9,28.8,0.7666666666666667,0.0,156.22858909251332,14593947424
"May 24, 2025 02:02 PM",Afternoon Weight Training - Legs,WeightTraining,0.0,44.6,,,0.0,117.3,141.0,0.4564723694171082,1,42.233333333333334,2.4833333333333334,0.0,0.0,0.0,48.90764386447886,14583192995
"May 23, 2025 12:11 PM",Lunch Weight Training - Push,WeightTraining,0.0,56.1,,,0.0,110.1,135.0,0.4019682059046177,1,56.18333333333333,0.0,0.0,0.0,0.0,48.790346935086255,14571970763
"May 22, 2025 06:45 PM",Evening Tennis,Tennis,0.0,76.3,,,0.0,109.6,154.0,0.3981831945495836,1,71.85,4.283333333333333,0.25,0.0,0.0,65.2575390184396,14565657486
"May 21, 2025 11:13 AM",Lunch Weight Training - Pull,WeightTraining,0.0,56.78333333333333,,,0.0,122.4,156.0,0.4950794852384558,1,49.05,7.233333333333333,0.8,0.0,0.0,72.73033163974668,14556075319
"May 19, 2025 05:20 PM",Afternoon Tennis,Tennis,0.0,77.5,,,0.0,139.8,161.0,0.6267978803936413,2,22.933333333333334,43.38333333333333,11.216666666666667,0.0,0.0,161.83846636587458,14533832858
"May 17, 2025 02:30 PM",Afternoon Tennis,Tennis,0.0,112.0,,,0.0,138.2,167.0,0.6146858440575321,2,42.81666666666667,55.016666666666666,12.216666666666667,1.9666666666666666,0.0,224.09088978469129,14512241186
"May 15, 2025 06:33 PM",Penn Tennis Clinic,Tennis,0.0,86.2,,,0.0,129.5,162.0,0.5488266464799395,1,55.05,24.833333333333332,6.333333333333333,0.0,0.0,135.6997452102798,14493786842
"May 15, 2025 01:24 PM",Afternoon Weight Training - Push,WeightTraining,0.0,51.06666666666667,,,0.0,115.3,140.0,0.441332323996972,1,50.61666666666667,0.48333333333333334,0.0,0.0,0.0,52.590364183828314,14491239358
"May 13, 2025 07:45 PM",Evening Walk,Walk,1.0366953764,22.383333333333333,21.591041923097105,21:35 /mi,57.74278400000001,96.0,104.0,0.2952308856926571,1,25.266666666666666,0.0,0.0,0.0,0.0,11.648324727214968,14473335467
"May 13, 2025 01:18 PM",Afternoon Weight Training - Legs,WeightTraining,0.0,39.483333333333334,,,0.0,114.6,147.0,0.4360333080999243,1,38.03333333333333,1.4833333333333334,0.0,0.0,0.0,39.76654375709091,14469586929
"May 09, 2025 01:47 PM",Afternoon Weight Training - Pull,WeightTraining,0.0,58.56666666666667,,,0.0,106.9,138.0,0.37774413323239975,1,58.28333333333333,0.3,0.0,0.0,0.0,45.690766592573006,14428485789
"May 05, 2025 11:22 AM",Lunch Weight Training - Push,WeightTraining,0.0,57.233333333333334,,,0.0,108.2,132.0,0.3875851627554883,1,57.25,0.0,0.0,0.0,0.0,46.68767971687422,14386233325
"May 04, 2025 07:53 AM",Broad Street Run,Run,10.0743501601,104.16666666666667,10.339790161277529,10:20 /mi,167.32283999999999,148.3,168.0,0.6911430734292204,2,2.4833333333333334,59.3,43.1,0.21666666666666667,0.0,271.3958503703213,14378435507
"May 03, 2025 12:23 PM",Tennis Clinic at Penn,Tennis,0.0,97.98333333333333,,,0.0,133.9,163.0,0.5821347464042392,1,55.4,37.85,4.716666666666667,0.06666666666666667,0.0,174.41591695595926,14367675664
"May 02, 2025 10:34 AM",Morning Weight Training - Pull,WeightTraining,0.0,76.45,,,0.0,121.8,146.0,0.49053747161241484,1,69.73333333333333,6.8,0.0,0.0,0.0,96.1794069416504,14355665942
"May 01, 2025 02:32 PM",Afternoon Tennis,Tennis,0.0,28.166666666666668,,,0.0,134.1,152.0,0.5836487509462528,1,15.966666666666667,11.216666666666667,1.0666666666666667,0.0,0.0,50.415008404566834,14347628933
"Apr 29, 2025 10:29 AM",Morning Weight Training - Push,WeightTraining,0.0,55.96666666666667,,,0.0,112.2,142.0,0.4178652535957608,1,54.93333333333333,1.05,0.0,0.0,0.0,52.16758390881053,14323105569
"Apr 28, 2025 04:46 PM",Afternoon Run,Run,3.2669823067,34.46666666666667,10.550001019589748,10:33 /mi,78.083992,143.9,166.0,0.6578349735049206,2,4.633333333333334,23.316666666666666,5.45,1.15,0.0,80.17683584407685,14315900431
"Apr 25, 2025 09:37 AM",Morning Weight Training - Legs,WeightTraining,0.0,36.083333333333336,,,0.0,102.6,128.0,0.3451930355791067,1,36.15,0.0,0.0,0.0,0.0,24.16608518320539,14282207832
"Apr 24, 2025 05:05 PM",Afternoon Tennis,Tennis,0.0,60.85,,,0.0,143.4,161.0,0.6540499621498865,2,11.05,34.06666666666667,15.866666666666667,0.0,0.0,139.71661757405178,14276670215
"Apr 24, 2025 04:39 PM",Afternoon Walk,Walk,1.3457031747,23.216666666666665,17.252442517156428,17:15 /mi,49.2126,109.5,117.0,0.39742619227857684,1,23.5,0.0,0.0,0.0,0.0,19.790116745262928,14276670247
"Apr 24, 2025 02:13 PM",Afternoon Weight Training - Pull,WeightTraining,0.0,51.11666666666667,,,0.0,114.9,140.0,0.4383043149129448,1,50.53333333333333,0.65,0.0,0.0,0.0,51.97761055315537,14275507057
"Apr 23, 2025 05:12 PM",Car Towed + Uber Expensive = Run,Run,2.9166533368999996,30.7,10.525762390613712,10:32 /mi,63.648295999999995,145.0,157.0,0.6661619984859954,2,3.6166666666666667,17.933333333333334,9.85,0.0,0.0,73.48426448331709,14266884140
"Apr 23, 2025 03:52 PM",Afternoon Weight Training - Push,WeightTraining,0.0,45.766666666666666,,,0.0,103.2,133.0,0.34973504920514764,1,45.9,0.0,0.0,0.0,0.0,31.326610282869844,14266456727
"Apr 21, 2025 12:05 PM",Lunch Weight Training - Legs,WeightTraining,0.0,31.033333333333335,,,0.0,117.2,147.0,0.4557153671461015,1,29.85,1.2166666666666666,0.0,0.0,0.0,33.924875685491344,14244241424
"Apr 20, 2025 12:06 PM",Lunch Pickleball,Pickleball,0.0,47.083333333333336,,,0.0,125.7,151.0,0.5200605601816806,1,32.78333333333333,14.166666666666666,0.2,0.0,0.0,66.4616669494137,14234954011
"Apr 19, 2025 09:37 AM",Morning Weight Training - Pull,WeightTraining,0.0,60.55,,,0.0,121.8,159.0,0.49053747161241484,1,51.583333333333336,7.7,1.3166666666666667,0.0,0.0,76.17610320885456,14223690099
"Apr 18, 2025 07:34 PM",Evening Tennis,Tennis,0.0,36.3,,,0.0,149.0,169.0,0.696442089326268,2,5.85,7.55,19.85,3.066666666666667,0.0,96.27569689845114,14217839996
"Apr 17, 2025 03:49 PM",Afternoon Weight Training - Push,WeightTraining,0.0,56.016666666666666,,,0.0,112.9,153.0,0.42316426949280855,1,53.666666666666664,2.1,0.26666666666666666,0.0,0.0,53.417041889583054,14207115812
"Apr 16, 2025 04:23 PM",Afternoon Weight Training - Legs,WeightTraining,0.0,45.766666666666666,,,0.0,115.7,152.0,0.44436033308099926,1,41.81666666666667,3.6166666666666667,0.38333333333333336,0.0,0.0,47.732302928266186,14197930547
"Apr 14, 2025 03:16 PM",Afternoon Weight Training - Pull,WeightTraining,0.0,71.4,,,0.0,119.9,155.0,0.47615442846328543,1,65.65,5.233333333333333,0.55,0.0,0.0,84.81745205621831,14178358884
"Apr 14, 2025 12:11 PM",Lunch Run,Run,5.0039628001,51.266666666666666,10.245213386806581,10:15 /mi,111.54856,144.2,159.0,0.6601059803179409,2,6.6,32.38333333333333,13.183333333333334,0.0,0.0,120.19186849257105,14176340568
"Apr 13, 2025 12:26 PM",Lunch Weight Training - Push,WeightTraining,0.0,85.98333333333333,,,0.0,116.1,152.0,0.4473883421650265,1,81.76666666666667,4.15,0.11666666666666667,0.0,0.0,90.81375935404276,14171061768
"Apr 11, 2025 11:48 AM",Lunch Weight Training - Legs,WeightTraining,0.0,47.0,,,0.0,110.6,145.0,0.40575321725965174,1,46.3,0.7333333333333333,0.0,0.0,0.0,41.56188974150277,14147444176
"Apr 10, 2025 12:57 PM",Lunch Weight Training - Pull,WeightTraining,0.0,55.46666666666667,,,0.0,116.3,145.0,0.4489023467070401,1,54.06666666666667,1.4333333333333333,0.0,0.0,0.0,58.95207583632707,14139100693
"Apr 09, 2025 12:16 PM",Lunch Run - Treadmill,Run,2.275460602,24.15,10.613235833999292,10:37 /mi,0.0,129.0,140.0,0.5450416351249054,1,20.416666666666668,3.75,0.0,0.0,0.0,37.48239016291429,14128445670
"Apr 08, 2025 12:18 PM",Lunch Weight Training - Push,WeightTraining,0.0,63.05,,,0.0,115.4,148.0,0.44208932626797887,1,60.96666666666667,2.1166666666666667,0.0,0.0,0.0,65.13722817630922,14118720885
"Apr 07, 2025 11:31 AM",Lunch Weight Training  - Legs,WeightTraining,0.0,55.65,,,0.0,110.4,142.0,0.40423921271763824,1,55.36666666666667,0.43333333333333335,0.0,0.0,0.0,48.88511241703606,14107952807
"Apr 06, 2025 11:56 AM",Lunch Weight Training - Pull,WeightTraining,0.0,78.06666666666666,,,0.0,116.9,152.0,0.45344436033308105,1,74.01666666666667,3.966666666666667,0.2,0.0,0.0,84.54581932430244,14100157192
"Apr 04, 2025 10:10 AM",Morning Weight Training - Push,WeightTraining,0.0,63.25,,,0.0,108.1,136.0,0.38682816048448143,1,63.266666666666666,0.0,0.0,0.0,0.0,51.42016863635569,14078606439
"Apr 03, 2025 05:47 PM",Afternoon Tennis,Tennis,0.0,32.016666666666666,,,0.0,137.6,161.0,0.6101438304314912,2,14.516666666666667,15.283333333333333,2.2666666666666666,0.0,0.0,63.03386949480966,14072859761
"Apr 03, 2025 04:32 PM",Afternoon Weight Training,WeightTraining,0.0,36.86666666666667,,,0.0,122.7,151.0,0.4973504920514762,1,30.983333333333334,5.766666666666667,0.23333333333333334,0.0,0.0,47.644178908443706,14072332711
"Apr 02, 2025 04:44 PM",Afternoon Weight Training,WeightTraining,0.0,55.45,,,0.0,110.3,136.0,0.40348221044663135,1,55.55,0.0,0.0,0.0,0.0,48.547595997522826,14072332730
"Mar 29, 2025 11:49 AM",Lunch Weight Training - Push,WeightTraining,0.0,60.3,,,0.0,112.9,141.0,0.42316426949280855,1,59.93333333333333,0.4166666666666667,0.0,0.0,0.0,57.501594036450896,14022158700
"Mar 29, 2025 10:13 AM",Morning Tennis,Tennis,0.0,35.516666666666666,,,0.0,138.6,159.0,0.6177138531415594,2,15.016666666666667,14.416666666666666,6.15,0.0,0.0,71.82859949123213,14020985898
"Mar 28, 2025 11:37 AM",Lunch Weight Training - Legs,WeightTraining,0.0,42.03333333333333,,,0.0,109.3,133.0,0.3959121877365632,1,42.18333333333333,0.0,0.0,0.0,0.0,35.589530741023516,14012268955
"Mar 27, 2025 03:05 PM",Afternoon Weight Training - Pull,WeightTraining,0.0,56.31666666666667,,,0.0,121.3,149.0,0.4867524602573808,1,52.8,3.533333333333333,0.0,0.0,0.0,69.79453195189762,14021026359
"Mar 26, 2025 05:31 PM",Afternoon Weight Training - Push,WeightTraining,0.0,57.916666666666664,,,0.0,105.9,138.0,0.3701741105223316,1,57.9,0.13333333333333333,0.0,0.0,0.0,43.6392804681868,13997125177
"Mar 25, 2025 05:23 PM",Afternoon Run,Run,4.2169964286,41.55,9.852984393869685,9:51 /mi,210.629928,149.7,162.0,0.7017411052233156,3,0.9,14.616666666666667,26.633333333333333,0.0,0.0,112.1738280591225,13987110287
"Mar 24, 2025 11:06 AM",Lunch Weight Training - Legs,WeightTraining,0.0,43.21666666666667,,,0.0,107.8,152.0,0.384557153671461,1,41.18333333333333,1.7,0.35,0.0,0.0,34.77549949820915,14021026744
"Mar 20, 2025 04:17 PM",Afternoon Weight Training - Pull,WeightTraining,0.0,42.85,,,0.0,120.5,150.0,0.48069644208932627,1,40.166666666666664,2.6333333333333333,0.08333333333333333,0.0,0.0,51.838001926963265,13959681716
"Mar 19, 2025 05:46 PM",Afternoon Tennis,Tennis,0.0,41.0,,,0.0,130.0,153.0,0.5526116578349736,1,31.216666666666665,9.266666666666667,0.55,0.0,0.0,65.46310355144978,13931306670
"Mar 18, 2025 04:13 PM",Afternoon Weight Training - Push,WeightTraining,0.0,51.46666666666667,,,0.0,112.3,140.0,0.4186222558667676,1,50.983333333333334,0.5,0.0,0.0,0.0,48.129860128250634,13921053043
"Mar 17, 2025 12:02 PM",Lunch Weight Training - Legs,WeightTraining,0.0,42.95,,,0.0,103.3,144.0,0.3504920514761544,1,42.483333333333334,0.5833333333333334,0.0,0.0,0.0,29.505129713684823,13921053025
"Mar 16, 2025 12:27 PM",Lunch Weight Training - Pull,WeightTraining,0.0,68.93333333333334,,,0.0,121.5,149.0,0.4882664647993944,1,64.33333333333333,4.633333333333334,0.0,0.0,0.0,85.94585273971954,13901297966
"Mar 15, 2025 10:11 AM",Morning Weight Training - Push,WeightTraining,0.0,60.31666666666667,,,0.0,111.6,134.0,0.41332323996971987,1,60.36666666666667,0.0,0.0,0.0,0.0,55.128330727710924,13890103887
"Mar 14, 2025 12:16 PM",Lunch Weight Training - Push,WeightTraining,0.0,72.91666666666667,,,0.0,103.7,145.0,0.3535200605601817,1,72.05,0.9,0.0,0.0,0.0,50.81851242379981,13881957918
"Mar 13, 2025 03:39 PM",Afternoon Run,Run,4.019711136100001,42.88333333333333,10.668262440106467,10:40 /mi,123.359584,137.7,145.0,0.6109008327024981,2,12.833333333333334,30.716666666666665,0.0,0.0,0.0,84.65568054562375,13874096786
"Mar 12, 2025 07:19 PM",Evening Walk,Walk,0.7521695955000001,9.4,12.497181561495328,12:30 /mi,0.0,107.2,118.0,0.3800151400454202,1,31.116666666666667,0.0,0.0,0.0,0.0,7.409734237888028,13867594963
"Mar 12, 2025 03:03 PM",Afternoon Weight Training - Legs,WeightTraining,0.0,65.18333333333334,,,0.0,115.7,155.0,0.44436033308099926,1,60.416666666666664,4.483333333333333,0.35,0.0,0.0,67.98289757918756,13865146077
"Mar 11, 2025 06:36 PM",Evening Walk,Walk,1.4771231411999999,30.05,20.343598419010405,20:21 /mi,13.779528,97.7,113.0,0.30809992429977295,1,35.9,0.0,0.0,0.0,0.0,16.727990539159727,14021027594
"Mar 11, 2025 03:38 PM",Afternoon Weight Training - Pull,WeightTraining,0.0,82.75,,,0.0,106.7,138.0,0.37623012869038613,1,82.68333333333334,0.15,0.0,0.0,0.0,64.11200186073725,13856065812
"Mar 11, 2025 10:14 AM",Morning Weight Training - Push,WeightTraining,0.0,78.5,,,0.0,109.5,144.0,0.39742619227857684,1,77.65,0.8833333333333333,0.0,0.0,0.0,66.91417793983373,13852846114
"Mar 10, 2025 11:15 AM",Lunch Weight Training - Legs,WeightTraining,0.0,49.56666666666667,,,0.0,115.7,146.0,0.44436033308099926,1,44.733333333333334,4.966666666666667,0.0,0.0,0.0,51.69550943505595,13843540591
"Mar 09, 2025 03:21 PM",Afternoon Walk,Walk,2.0038593379000003,38.166666666666664,19.04657973980573,19:03 /mi,66.929136,101.3,117.0,0.33535200605601817,1,49.13333333333333,0.0,0.0,0.0,0.0,24.367830772716605,13837662834
"Mar 07, 2025 03:33 PM",Afternoon Weight Training - Pull,WeightTraining,0.0,71.13333333333334,,,0.0,114.1,144.0,0.43224829674489024,1,70.41666666666667,0.8,0.0,0.0,0.0,70.50740114465798,13817691480
"Mar 06, 2025 02:26 PM",Afternoon Weight Training - Push,WeightTraining,0.0,77.46666666666667,,,0.0,107.9,146.0,0.3853141559424679,1,73.18333333333334,4.333333333333333,0.0,0.0,0.0,62.549273850910616,13808862290
"Mar 05, 2025 12:15 PM",Lunch Weight Training - Legs,WeightTraining,0.0,39.78333333333333,,,0.0,107.1,136.0,0.3792581377744133,1,39.833333333333336,0.0,0.0,0.0,0.0,31.252065975280672,13808867113
"Mar 01, 2025 11:11 AM",Lunch Run,Run,3.1736523825000003,30.366666666666667,9.56836572086882,9:34 /mi,100.393704,157.3,167.0,0.7592732778198336,3,0.0,1.4166666666666667,23.783333333333335,5.266666666666667,0.0,99.06306746925858,13760961245
"Feb 28, 2025 07:52 PM",Evening Walk,Walk,1.0570763452,19.433333333333334,18.384039546033474,18:23 /mi,31.496063999999997,108.1,122.0,0.38682816048448143,1,61.46666666666667,0.0,0.0,0.0,0.0,15.798660508561458,13755571146
"Feb 28, 2025 03:49 PM",Afternoon Weight Training - Push,WeightTraining,0.0,61.65,,,0.0,102.4,130.0,0.3436790310370932,1,61.7,0.0,0.0,0.0,0.0,40.98843126911552,13753723052
"Feb 27, 2025 02:10 PM",Afternoon Weight Training - Pull,WeightTraining,0.0,63.28333333333333,,,0.0,110.8,143.0,0.4072672218016654,1,63.166666666666664,0.16666666666666666,0.0,0.0,0.0,56.333496320177005,13753723053
"Feb 24, 2025 11:23 AM",Lunch Weight Training - Legs,WeightTraining,0.0,63.833333333333336,,,0.0,110.8,139.0,0.4072672218016654,1,62.71666666666667,1.15,0.0,0.0,0.0,56.82309478701026,13715282913
"Feb 22, 2025 01:54 PM",Afternoon Weight Training,WeightTraining,0.0,71.86666666666666,,,0.0,107.0,137.0,0.3785011355034065,1,71.85,0.11666666666666667,0.0,0.0,0.0,56.260828230452894,13708981582
"Feb 21, 2025 04:16 PM",Afternoon Weight Training,WeightTraining,0.0,46.03333333333333,,,0.0,110.7,139.0,0.40651021953065863,1,45.71666666666667,0.38333333333333336,0.0,0.0,0.0,40.842335703778076,13708981578
"Feb 20, 2025 11:48 AM",Lunch Weight Training - Legs,WeightTraining,0.0,46.766666666666666,,,0.0,108.9,140.0,0.392884178652536,1,46.166666666666664,0.6666666666666666,0.0,0.0,0.0,39.0666007074193,13680092856
"Feb 18, 2025 11:57 AM",Lunch Weight Training - Push,WeightTraining,0.0,65.98333333333333,,,0.0,102.1,143.0,0.3414080242240726,1,65.68333333333334,0.3333333333333333,0.0,0.0,0.0,43.38998379662986,13662354290
"Feb 17, 2025 02:32 PM",Afternoon Weight Training - Pull,WeightTraining,0.0,83.01666666666667,,,0.0,112.2,144.0,0.4178652535957608,1,80.38333333333334,2.6666666666666665,0.0,0.0,0.0,77.38139828760727,13654667646
"Feb 16, 2025 03:35 PM",Afternoon Weight Training - Legs,WeightTraining,0.0,61.31666666666667,,,0.0,105.1,142.0,0.36411809235427706,1,59.983333333333334,1.45,0.0,0.0,0.0,44.91992210501781,13646818408
"Feb 15, 2025 12:48 PM",Lunch Weight Training - Push,WeightTraining,0.0,69.31666666666666,,,0.0,103.3,135.0,0.3504920514761544,1,69.33333333333333,0.0,0.0,0.0,0.0,47.6180964218918,13636205442
"Feb 12, 2025 03:59 PM",Afternoon Weight Training - Pull,WeightTraining,0.0,51.03333333333333,,,0.0,110.2,142.0,0.40272520817562457,1,50.666666666666664,0.4166666666666667,0.0,0.0,0.0,44.532114298007905,13612115135
"Feb 11, 2025 03:55 PM",Afternoon Weight Training - Push,WeightTraining,0.0,59.86666666666667,,,0.0,101.3,152.0,0.33535200605601817,1,59.61666666666667,0.21666666666666667,0.06666666666666667,0.0,0.0,38.22237909851443,13603274121
"Feb 07, 2025 10:42 AM",Morning Run!,Run,3.1294107673,29.483333333333334,9.42136891756496,9:25 /mi,122.04724800000001,145.2,157.0,0.667676003028009,2,2.9833333333333334,17.283333333333335,10.016666666666667,0.0,0.0,70.9383229904511,13565965161
"Feb 05, 2025 03:48 PM",Afternoon Weight Training - Push,WeightTraining,0.0,41.016666666666666,,,0.0,107.4,136.0,0.3815291445874338,1,41.13333333333333,0.0,0.0,0.0,0.0,32.55550273893084,13555004085
"Feb 04, 2025 05:30 PM",Afternoon Run,Run,1.0197940852,9.783333333333333,9.593439965299117,9:36 /mi,20.341208,139.0,151.0,0.6207418622255867,2,2.35,6.35,1.1666666666666667,0.0,0.0,19.998647950925072,13548374714
"Jan 30, 2025 04:22 PM",Afternoon Weight Training - Legs,WeightTraining,0.0,47.916666666666664,,,0.0,108.6,143.0,0.3906131718395155,1,47.71666666666667,0.3,0.0,0.0,0.0,39.62273786155556,13496516778
"Jan 29, 2025 04:17 PM",Afternoon Weight Training - Pull,WeightTraining,0.0,41.06666666666667,,,0.0,114.7,143.0,0.43679031037093113,1,40.36666666666667,0.7333333333333333,0.0,0.0,0.0,41.493306303227975,13496523900
"Jan 27, 2025 05:55 PM",Afternoon Weight Training - Legs,WeightTraining,0.0,50.71666666666667,,,0.0,107.7,142.0,0.38380015140045426,1,50.0,0.7833333333333333,0.0,0.0,0.0,40.67109230974102,13473798817
"Jan 24, 2025 03:15 PM",Afternoon Weight Training - Push,WeightTraining,0.0,45.15,,,0.0,108.9,131.0,0.392884178652536,1,45.166666666666664,0.0,0.0,0.0,0.0,37.7161159359939,13442642866
"Jan 23, 2025 04:38 PM",Afternoon Weight Training - Pull,WeightTraining,0.0,95.9,,,0.0,113.3,144.0,0.4261922785768357,1,93.9,2.0166666666666666,0.0,0.0,0.0,92.6408769853057,13435924499
"Jan 21, 2025 04:57 PM",Afternoon Weight Training - Legs,WeightTraining,0.0,50.31666666666667,,,0.0,116.4,147.0,0.449659348978047,1,47.583333333333336,2.75,0.0,0.0,0.0,53.646559175647425,13418365614
"Jan 20, 2025 11:25 AM",Lunch Weight Training - Push,WeightTraining,0.0,90.28333333333333,,,0.0,112.6,142.0,0.420893262679788,1,89.75,0.6333333333333333,0.0,0.0,0.0,85.25885037659106,13406931788
"Jan 18, 2025 04:51 PM",Afternoon Weight Training,WeightTraining,0.0,31.733333333333334,,,0.0,117.2,144.0,0.4557153671461015,1,30.116666666666667,1.6666666666666667,0.0,0.0,0.0,34.69009844531446,13391658034
"Jan 13, 2025 11:56 AM",Lunch Weight Training - Push,WeightTraining,0.0,58.833333333333336,,,0.0,118.1,147.0,0.46252838758516274,1,55.916666666666664,2.95,0.0,0.0,0.0,66.13616656819984,13344958182
"Jan 12, 2025 10:15 AM",Morning Weight Training - Legs,WeightTraining,0.0,43.916666666666664,,,0.0,126.5,152.0,0.526116578349735,1,35.38333333333333,8.433333333333334,0.16666666666666666,0.0,0.0,63.44702274629905,13335950867
"Jan 11, 2025 02:09 PM",Afternoon Weight Training - Shoulders,WeightTraining,0.0,67.03333333333333,,,0.0,121.2,148.0,0.485995457986374,1,64.31666666666666,2.85,0.0,0.0,0.0,82.82627041487741,13328257301
"Jan 10, 2025 06:23 PM",Evening Weight Training - Back,WeightTraining,0.0,32.18333333333333,,,0.0,117.6,146.0,0.4587433762301287,1,30.0,2.25,0.0,0.0,0.0,35.62229422463842,13320344832
"Jan 08, 2025 03:36 PM",Afternoon Weight Training - Push,WeightTraining,0.0,55.96666666666667,,,0.0,113.9,139.0,0.4307342922028767,1,55.86666666666667,0.13333333333333333,0.0,0.0,0.0,55.119427821184146,13302821570
"Jan 07, 2025 11:52 AM",Lunch Weight Training - Legs,WeightTraining,0.0,31.766666666666666,,,0.0,115.3,149.0,0.441332323996972,1,28.633333333333333,3.2,0.0,0.0,0.0,32.71450200208118,13291758904
"Jan 04, 2025 02:29 PM",Afternoon Weight Training - Push,WeightTraining,0.0,49.666666666666664,,,0.0,124.7,155.0,0.5124905374716124,1,41.666666666666664,5.65,2.3666666666666667,0.0,0.0,68.09084827853312,13267203069
"Jan 02, 2025 08:00 PM",Evening Walk,Walk,1.1020014685,20.0,18.148796142008045,18:09 /mi,61.679792,111.5,131.0,0.4125662376987131,1,26.1,0.0,0.0,0.0,0.0,18.219654702289102,13251402166
"Jan 02, 2025 05:11 PM",Afternoon Walk,Walk,1.3896341044,27.5,19.78938190486742,19:47 /mi,48.556432,98.4,110.0,0.31339894019682063,1,47.95,0.0,0.0,0.0,0.0,15.731005526506445,13250735716
"Dec 31, 2024 11:12 AM",Full Body to end 2024,WeightTraining,0.0,46.86666666666667,,,0.0,128.9,157.0,0.5442846328538986,1,31.433333333333334,12.283333333333333,3.183333333333333,0.0,0.0,72.53362438646437,13233081863
"Dec 30, 2024 05:07 PM",Afternoon Tennis,Tennis,0.0,57.1,,,0.0,128.7,144.0,0.5427706283118848,1,52.416666666666664,4.766666666666667,0.0,0.0,0.0,87.86971965914917,13227011885
"Dec 30, 2024 02:20 PM",Afternoon Weight Training - Shoulders!,WeightTraining,0.0,63.1,,,0.0,125.0,147.0,0.5147615442846328,1,57.56666666666667,5.633333333333334,0.0,0.0,0.0,87.27040729407837,13226059508
"Dec 30, 2024 09:56 AM",Old City run with Sis,Run,3.0104182208,26.566666666666666,8.824908938933653,8:49 /mi,88.58268,155.2,169.0,0.7433762301286904,3,0.65,5.583333333333333,16.433333333333334,3.9833333333333334,0.0,82.3012801966835,13224152801
"Dec 29, 2024 10:52 AM",Old City Walk,Walk,1.946133972,32.18333333333333,16.537059522299593,16:32 /mi,16.4042,97.0,111.0,0.3028009084027252,1,39.483333333333334,0.0,0.0,0.0,0.0,17.42919557862971,13217629227
"Dec 27, 2024 12:59 PM",Lunch Weight Training - Push,WeightTraining,0.0,85.85,,,0.0,103.5,131.0,0.3520060560181681,1,85.86666666666666,0.0,0.0,0.0,0.0,59.40309420251824,13203007365
"Dec 22, 2024 10:19 AM",Morning Weight Training - Back & Bis,WeightTraining,0.0,54.75,,,0.0,122.8,154.0,0.49810749432248297,1,45.71666666666667,8.116666666666667,0.95,0.0,0.0,70.96624806161097,13169346658
"Dec 20, 2024 12:27 PM",Lunch Weight Training - Legs,WeightTraining,0.0,55.15,,,0.0,112.8,149.0,0.42240726722180166,1,53.18333333333333,2.0,0.0,0.0,0.0,52.420270421276726,13156584272
"Dec 19, 2024 04:01 PM",Afternoon Yoga,Yoga,0.0,53.88333333333333,,,0.0,108.0,136.0,0.38607115821347465,1,53.95,0.0,0.0,0.0,0.0,43.65615413150478,13151479883
"Dec 18, 2024 03:33 PM",Afternoon Walk,Walk,3.1397255259,75.25,23.96706316499741,23:58 /mi,467.847784,97.7,127.0,0.30809992429977295,1,145.46666666666667,0.0,0.0,0.0,0.0,41.88956033516704,13165433251
"Dec 18, 2024 12:24 PM",Lunch Weight Training - Push,WeightTraining,0.0,69.7,,,0.0,112.2,145.0,0.4178652535957608,1,69.21666666666667,0.5333333333333333,0.0,0.0,0.0,64.96868252133581,13143734873
"Dec 17, 2024 12:26 PM",Lunch Weight Training - Pull,WeightTraining,0.0,75.66666666666667,,,0.0,127.5,154.0,0.5336866010598033,1,58.1,16.183333333333334,1.4666666666666666,0.0,0.0,112.51308220360944,13136631541
"Dec 16, 2024 04:48 PM",Afternoon Tennis,Tennis,0.0,61.4,,,0.0,121.2,136.0,0.485995457986374,1,61.43333333333333,0.0,0.0,0.0,0.0,75.86573351775446,13131239687
"Dec 16, 2024 11:27 AM",Lunch Weight Training - Legs,WeightTraining,0.0,61.43333333333333,,,0.0,120.3,154.0,0.47918243754731266,1,55.63333333333333,5.316666666666666,0.5,0.0,0.0,73.87016119779126,13128794570
"Dec 14, 2024 01:38 PM",Afternoon Weight Training - Push,WeightTraining,0.0,95.06666666666666,,,0.0,114.4,151.0,0.43451930355791074,1,91.1,3.8833333333333333,0.16666666666666666,0.0,0.0,95.1391497848394,13116202528
"Dec 12, 2024 05:07 PM",Afternoon Weight Training - Pull,WeightTraining,0.0,52.88333333333333,,,0.0,127.7,155.0,0.5352006056018168,1,44.15,7.95,0.8166666666666667,0.0,0.0,79.08788903377929,13103340142
"Dec 11, 2024 11:30 AM",Lunch Weight Training - Legs,WeightTraining,0.0,41.7,,,0.0,125.9,156.0,0.5215745647236942,1,34.083333333333336,6.233333333333333,1.5333333333333334,0.0,0.0,59.205903580737605,13094247923
"Dec 09, 2024 04:27 PM",Afternoon Weight Training - Push,WeightTraining,0.0,67.25,,,0.0,125.2,166.0,0.5162755488266465,1,53.06666666666667,10.45,2.9166666666666665,0.8333333333333334,0.0,93.55518027168218,13082014924
"Dec 08, 2024 06:13 PM",Evening Run,Run,1.0063103345,9.666666666666666,9.60604928247079,9:36 /mi,9.84252,148.1,162.0,0.6896290688872067,2,1.0666666666666667,3.25,5.566666666666666,0.0,0.0,25.057418874033218,13075777766
"Dec 06, 2024 03:27 PM",Afternoon Weight Training - Pull,WeightTraining,0.0,67.2,,,0.0,118.3,147.0,0.4640423921271764,1,63.333333333333336,3.95,0.0,0.0,0.0,76.00926736208405,13061312902
"Dec 04, 2024 07:43 AM",Morning Weight Training - Legs,WeightTraining,0.0,39.56666666666667,,,0.0,113.5,141.0,0.4277062831188494,1,39.1,0.55,0.0,0.0,0.0,38.469453206525294,13045142114
"Dec 03, 2024 08:11 PM",Evening Weight Training - Push,WeightTraining,0.0,53.0,,,0.0,116.8,135.0,0.45268735806207416,1,53.1,0.0,0.0,0.0,0.0,57.219691175203515,13042145669
"Dec 02, 2024 05:02 PM",Afternoon Tennis,Tennis,0.0,74.48333333333333,,,0.0,131.7,158.0,0.5654806964420893,1,55.6,17.366666666666667,1.5833333333333333,0.0,0.0,124.73845739894101,13034175809
"Nov 30, 2024 12:07 PM",Lunch Walk,Walk,1.0714921524,19.333333333333332,18.04337371023132,18:03 /mi,9.186352,97.6,111.0,0.30734292202876606,1,42.05,0.0,0.0,0.0,0.0,10.720287638721215,13017703249
"Nov 27, 2024 11:13 AM",Push Day,WeightTraining,0.0,58.35,,,0.0,108.2,125.0,0.3875851627554883,1,58.36666666666667,0.0,0.0,0.0,0.0,47.598592512748006,12996100502
"Nov 26, 2024 02:07 PM",Pull Day,WeightTraining,0.0,81.38333333333334,,,0.0,112.2,143.0,0.4178652535957608,1,79.7,1.7333333333333334,0.0,0.0,0.0,75.85893753029238,12990199866
"Nov 25, 2024 03:35 PM",Leg Day at the Fitler Club,WeightTraining,0.0,65.06666666666666,,,0.0,116.9,154.0,0.45344436033308105,1,61.016666666666666,3.9833333333333334,0.6833333333333333,0.0,0.0,70.46688271607104,12983013258
"Nov 21, 2024 05:27 PM",Push Day,WeightTraining,0.0,50.71666666666667,,,0.0,106.4,132.0,0.3739591218773657,1,50.766666666666666,0.0,0.0,0.0,0.0,38.886506519555994,12955516981
"Nov 20, 2024 06:14 PM",Evening Walk,Walk,1.4108228555,27.416666666666668,19.433103567740343,19:26 /mi,24.278216,97.4,112.0,0.3058289174867525,1,50.35,0.0,0.0,0.0,0.0,15.083677456162263,12948214600
"Nov 19, 2024 04:40 PM",Afternoon Weight Training,WeightTraining,0.0,63.083333333333336,,,0.0,114.2,146.0,0.43300529901589707,1,61.71666666666667,1.4,0.0,0.0,0.0,62.72884969972335,12940271400
"Nov 18, 2024 06:03 PM",Leg Day,WeightTraining,0.0,43.733333333333334,,,0.0,106.9,142.0,0.37774413323239975,1,42.916666666666664,0.8333333333333334,0.0,0.0,0.0,34.118546254670335,12932896416
"Nov 16, 2024 11:16 AM","Chest, Tris, and Shoulders",WeightTraining,0.0,67.28333333333333,,,0.0,117.7,150.0,0.45950037850113556,1,63.43333333333333,3.783333333333333,0.11666666666666667,0.0,0.0,74.70430880169532,12915650048
"Nov 15, 2024 05:39 PM",Post-Half 5k!,Run,3.1215193556000003,28.966666666666665,9.279669086369916,9:17 /mi,65.6168,146.7,166.0,0.6790310370931112,2,1.8833333333333333,17.833333333333332,7.933333333333334,1.6833333333333333,0.0,72.44277155984503,12909550939
"Nov 12, 2024 05:07 PM",Leg Day,WeightTraining,0.0,40.18333333333333,,,0.0,109.2,143.0,0.39515518546555645,1,39.25,1.0,0.0,0.0,0.0,33.90876567390447,12887276673
"Nov 11, 2024 04:39 PM",Tennis 🎾🏸,Tennis,0.0,62.88333333333333,,,0.0,128.2,147.0,0.5389856169568508,1,55.53333333333333,7.416666666666667,0.0,0.0,0.0,95.39890965432824,12879345590
"Nov 11, 2024 09:40 AM",Chest & Tris - Push Day,WeightTraining,0.0,75.93333333333334,,,0.0,114.7,140.0,0.43679031037093113,1,75.6,0.38333333333333336,0.0,0.0,0.0,76.7222011028842,12876357056
"Nov 10, 2024 04:14 PM",Pull Day,WeightTraining,0.0,39.516666666666666,,,0.0,126.7,149.0,0.5276305828917487,1,33.25,6.35,0.0,0.0,0.0,57.4212445656171,12871530299
"Nov 09, 2024 07:13 AM",1/2 Marathon / Italian Stallion Challenge,Run,13.2306662917,133.7,10.105311180274727,10:06 /mi,581.3648479999999,150.0,164.0,0.7040121120363362,3,5.333333333333333,58.7,120.8,2.783333333333333,0.0,363.7046076898214,12861286797
"Nov 07, 2024 03:49 PM",Afternoon Weight Training,WeightTraining,0.0,61.56666666666667,,,0.0,101.4,134.0,0.33610900832702506,1,61.61666666666667,0.0,0.0,0.0,0.0,39.45379153008078,12847879464
"Nov 06, 2024 05:51 PM",Afternoon Run,Run,1.0105977944,9.966666666666667,9.862149632519193,9:52 /mi,38.713912,138.7,150.0,0.6184708554125662,2,2.1,9.383333333333333,0.18333333333333332,0.0,0.0,20.210555642033217,12840675929
"Nov 06, 2024 05:24 PM",Afternoon Walk,Walk,1.2721328483,24.05,18.905258230018145,18:54 /mi,8.530184,99.7,109.0,0.3232399697199092,1,27.333333333333332,0.0,0.0,0.0,0.0,14.460133472050721,12844444361
"Nov 05, 2024 04:38 PM",Shoulder Day,WeightTraining,0.0,53.13333333333333,,,0.0,119.4,142.0,0.47236941710825137,1,52.0,1.1666666666666667,0.0,0.0,0.0,62.16299098262933,12832515848
"Nov 04, 2024 05:44 PM",Recovery Run,Run,1.1049840493,12.216666666666667,11.055966531286893,11:03 /mi,34.120736,135.3,144.0,0.5927327781983347,1,5.033333333333333,7.616666666666666,0.0,0.0,0.0,22.597436378713,12824433237
"Nov 04, 2024 04:22 PM",Pull Day,WeightTraining,0.0,62.85,,,0.0,111.8,139.0,0.41483724451173354,1,62.416666666666664,0.5166666666666667,0.0,0.0,0.0,57.822005830034676,12824255186
"Nov 03, 2024 09:08 AM",Longest one yet!,Run,12.0066275588,123.75,10.306807585557204,10:18 /mi,430.44620799999996,142.4,154.0,0.6464799394398184,2,4.866666666666666,117.73333333333333,1.95,0.0,0.0,276.7990452342942,12814801230
"Oct 31, 2024 06:27 PM",Evening Run,Run,1.0049433183,9.083333333333334,9.038652397529289,9:02 /mi,54.461944,148.1,160.0,0.6896290688872067,2,0.9666666666666667,2.3666666666666667,5.85,0.0,0.0,23.54533325232432,12792852970
"Oct 30, 2024 08:36 PM",Quick Night Run,Run,1.0138289236,9.133333333333333,9.008751990327744,9:01 /mi,0.0,143.8,154.0,0.6570779712339139,2,1.2,5.583333333333333,2.45,0.0,0.0,21.190815138884844,12786000000
"Oct 29, 2024 03:52 PM",Push Day,WeightTraining,0.0,62.2,,,0.0,110.8,139.0,0.4072672218016654,1,62.05,0.18333333333333332,0.0,0.0,0.0,55.36913570368728,12776565768
"Oct 28, 2024 05:22 PM",Turned 3 into 6!,Run,6.0078497877000006,61.416666666666664,10.222736725609606,10:13 /mi,152.230976,134.5,148.0,0.5866767600302801,1,38.9,23.066666666666666,0.0,0.0,0.0,111.1431873896122,12768856049
"Oct 21, 2024 11:47 AM",Lunch Weight Training,WeightTraining,0.0,74.26666666666667,,,0.0,109.0,135.0,0.3936411809235428,1,74.41666666666667,0.0,0.0,0.0,0.0,62.248708852933106,12710164387
"Oct 18, 2024 04:43 PM",Afternoon Tennis,Tennis,0.0,55.13333333333333,,,0.0,134.8,156.0,0.5889477668433006,1,30.216666666666665,21.65,3.3,0.0,0.0,100.59639539063535,12692429720
"Oct 18, 2024 12:01 PM",Lunch Weight Training,WeightTraining,0.0,58.13333333333333,,,0.0,122.3,150.0,0.4943224829674489,1,52.46666666666667,5.616666666666666,0.15,0.0,0.0,74.2376337401941,12692429685
"Oct 17, 2024 07:01 PM",Evening Run,Run,3.1469955666000002,31.6,10.041323329266872,10:02 /mi,76.115488,145.1,159.0,0.6669190007570023,2,2.6333333333333333,18.083333333333332,11.35,0.0,0.0,75.83462051933377,12681480608
"Oct 17, 2024 11:22 AM",Lunch Weight Training,WeightTraining,0.0,75.35,,,0.0,112.2,137.0,0.4178652535957608,1,75.16666666666667,0.2,0.0,0.0,0.0,70.23515391653734,12680100826
"Oct 14, 2024 04:45 PM",Afternoon Run,Run,3.1258689526000003,30.716666666666665,9.826600901204607,9:50 /mi,74.803152,148.0,160.0,0.6888720666161999,2,1.1333333333333333,16.9,12.883333333333333,0.0,0.0,79.41919251207929,12661470009
"Oct 14, 2024 11:56 AM",Lunch Weight Training,WeightTraining,0.0,52.05,,,0.0,120.5,155.0,0.48069644208932627,1,46.416666666666664,4.5,1.2166666666666666,0.0,0.0,62.96774796495771,12661469818
"Oct 12, 2024 04:39 PM",Afternoon Run,Run,8.005743964,81.05,10.123981027180397,10:07 /mi,555.774296,148.2,162.0,0.6903860711582134,2,1.35,48.96666666666667,31.6,0.0,0.0,210.63003173355895,12640473673
"Oct 11, 2024 10:56 AM",Morning Weight Training,WeightTraining,0.0,69.65,,,0.0,114.2,143.0,0.43300529901589707,1,68.95,0.7666666666666667,0.0,0.0,0.0,69.25861635274607,12630208768
"Oct 11, 2024 10:42 AM",Morning Walk,Walk,0.46814091139999997,14.616666666666667,31.2227927761211,31:13 /mi,0.0,99.9,113.0,0.3247539742619228,1,14.716666666666667,0.0,0.0,0.0,0.0,8.855180678412028,12855464592
"Oct 10, 2024 05:25 PM",Afternoon Run,Run,5.0080017116,52.1,10.403351077001656,10:24 /mi,191.601056,144.1,154.0,0.6593489780469342,2,4.583333333333333,40.75,8.35,0.0,0.0,121.82829787297528,12625969203
"Oct 10, 2024 03:00 PM",Afternoon Weight Training,WeightTraining,0.0,75.38333333333334,,,0.0,116.3,140.0,0.4489023467070401,1,74.5,0.9166666666666666,0.0,0.0,0.0,80.12026412491204,12625969149
"Oct 07, 2024 11:49 AM",Lunch Weight Training,WeightTraining,0.0,61.9,,,0.0,111.5,145.0,0.4125662376987131,1,60.28333333333333,1.6833333333333333,0.0,0.0,0.0,56.38983130358478,12615506121
"Oct 06, 2024 12:35 PM",Lunch Tennis,Tennis,0.0,50.78333333333333,,,0.0,145.6,161.0,0.6707040121120363,2,3.783333333333333,33.766666666666666,13.333333333333334,0.0,0.0,123.45695664180732,12594402890
"Oct 05, 2024 02:44 PM",Afternoon Run,Run,4.1109283989,39.833333333333336,9.689619829912854,9:41 /mi,167.97900800000002,150.3,168.0,0.7062831188493567,3,4.15,8.95,25.833333333333332,3.2333333333333334,0.0,109.18334869646269,12584654402
"Oct 04, 2024 04:38 PM",Afternoon Weight Training,WeightTraining,0.0,54.85,,,0.0,117.0,149.0,0.45420136260408783,1,53.35,1.5333333333333334,0.0,0.0,0.0,59.58799654970966,12580807481
"Oct 03, 2024 05:43 PM",Afternoon Weight Training,WeightTraining,0.0,52.15,,,0.0,116.9,150.0,0.45344436033308105,1,50.983333333333334,1.0666666666666667,0.11666666666666667,0.0,0.0,56.47819570148215,12571954762
"Oct 02, 2024 06:25 PM",Evening Walk,Walk,1.679565813,29.233333333333334,17.405291955256853,17:24 /mi,20.341208,106.7,121.0,0.37623012869038613,1,41.15,0.0,0.0,0.0,0.0,22.649033487156725,12571954816
"Sep 30, 2024 11:05 AM",Lunch Weight Training,WeightTraining,0.0,47.21666666666667,,,0.0,108.2,137.0,0.3875851627554883,1,46.7,0.5666666666666667,0.0,0.0,0.0,38.516655980752674,12542508720
"Sep 25, 2024 09:33 AM",Morning Weight Training,WeightTraining,0.0,58.71666666666667,,,0.0,108.4,136.0,0.38909916729750194,1,58.733333333333334,0.0,0.0,0.0,0.0,48.22477910451359,12502277432
"Sep 24, 2024 06:46 PM",Evening Run,Run,5.4059277,54.15,10.016782133434747,10:01 /mi,272.30971999999997,146.1,162.0,0.6744890234670704,2,4.65,32.06666666666667,18.133333333333333,0.0,0.0,133.3499694394153,12496581967
"Sep 23, 2024 07:29 PM",Evening Walk,Walk,1.7667441643000001,43.11666666666667,24.404589831346563,24:24 /mi,13.12336,96.0,110.0,0.2952308856926571,1,48.95,0.0,0.0,0.0,0.0,22.437986648775222,12488069569
"Sep 23, 2024 05:11 PM",Afternoon Tennis,Tennis,0.0,51.333333333333336,,,0.0,135.8,156.0,0.5965177895533688,1,25.466666666666665,23.35,2.533333333333333,0.0,0.0,96.25570604773698,12488684223
"Sep 23, 2024 11:33 AM",Lunch Weight Training,WeightTraining,0.0,64.7,,,0.0,113.3,155.0,0.4261922785768357,1,61.36666666666667,2.25,1.1833333333333333,0.0,0.0,62.50119646453888,12485802044
"Sep 22, 2024 11:13 AM",Lunch Weight Training,WeightTraining,0.0,61.11666666666667,,,0.0,111.2,134.0,0.4102952308856927,1,61.18333333333333,0.0,0.0,0.0,0.0,55.12884853737721,12484582480
"Sep 21, 2024 06:02 PM",Evening Pickleball,Pickleball,0.0,86.01666666666667,,,0.0,125.3,158.0,0.5170325510976533,1,63.6,18.266666666666666,4.183333333333334,0.0,0.0,120.0122869850635,12471667558
"Sep 21, 2024 11:28 AM",Lunch Run,Run,1.0119026735,8.65,8.54825293630376,8:33 /mi,92.519688,157.2,169.0,0.7585162755488266,3,0.5666666666666667,0.26666666666666666,6.383333333333334,1.45,0.0,28.149217230724588,12468904947
"Sep 21, 2024 10:54 AM",Morning Run,Run,3.0524229004,31.05,10.17224710112452,10:10 /mi,118.76640800000001,147.9,158.0,0.6881150643451931,2,0.3333333333333333,17.783333333333335,13.383333333333333,0.0,0.0,80.07634735986674,12468904962
"Sep 20, 2024 04:21 PM",Afternoon Tennis,Tennis,0.0,43.666666666666664,,,0.0,127.2,142.0,0.5314155942467828,1,41.85,1.8833333333333333,0.0,0.0,0.0,64.37285737857293,12468904693
"Sep 20, 2024 11:19 AM",Lunch Weight Training,WeightTraining,0.0,65.68333333333334,,,0.0,115.4,149.0,0.44208932626797887,1,62.5,3.2,0.0,0.0,0.0,67.85773625240145,12468904689
"Sep 17, 2024 06:36 PM",Evening Run,Run,1.0045704957000001,9.666666666666666,9.622686220672632,9:37 /mi,9.84252,144.7,157.0,0.6638909916729749,2,1.2833333333333334,6.05,2.35,0.0,0.0,22.959158800707247,12451871165
"Sep 16, 2024 12:03 PM",Lunch Weight Training,WeightTraining,0.0,65.61666666666666,,,0.0,111.7,134.0,0.41408024224072676,1,65.63333333333334,0.0,0.0,0.0,0.0,60.16966319883979,12451871156
"Sep 13, 2024 12:11 PM",Lunch Weight Training,WeightTraining,0.0,47.7,,,0.0,121.3,151.0,0.4867524602573808,1,42.266666666666666,5.266666666666667,0.2,0.0,0.0,59.115700043306006,12402102195
"Sep 12, 2024 04:55 PM",Afternoon Run,Run,1.2965527286,11.6,8.94680157938931,8:57 /mi,12.467191999999999,146.6,160.0,0.6782740348221045,2,1.95,4.083333333333333,5.7,0.0,0.0,28.936024849482628,12396453568
"Sep 11, 2024 05:18 PM",Afternoon Weight Training,WeightTraining,0.0,50.333333333333336,,,0.0,116.0,141.0,0.4466313398940197,1,50.06666666666667,0.35,0.0,0.0,0.0,52.993960441280365,12396453488
"Sep 07, 2024 06:09 PM",Evening Run,Run,7.006641533100001,70.93333333333334,10.123728036925813,10:07 /mi,238.84515199999998,140.5,157.0,0.6320968962906889,2,15.533333333333333,54.8,1.8666666666666667,0.0,0.0,150.905517643517,12353529018
"Sep 07, 2024 04:42 PM",Afternoon Weight Training,WeightTraining,0.0,65.73333333333333,,,0.0,107.6,133.0,0.38304314912944737,1,65.75,0.0,0.0,0.0,0.0,52.532990598497165,12353528580
"Sep 06, 2024 02:49 PM",Afternoon Pickleball,Pickleball,0.0,37.81666666666667,,,0.0,126.3,151.0,0.5246025738077215,1,34.31666666666667,3.4166666666666665,0.15,0.0,0.0,54.318917722029276,12349500193
"Sep 06, 2024 12:03 PM",Lunch Weight Training,WeightTraining,0.0,53.4,,,0.0,126.4,152.0,0.5253595760787283,1,45.7,7.483333333333333,0.25,0.0,0.0,76.92483590481744,12349500198
"Sep 04, 2024 06:16 PM",Evening Run,Run,2.3636331469000003,23.95,10.132706097564839,10:08 /mi,36.745408,147.2,160.0,0.6828160484481453,2,2.4166666666666665,8.633333333333333,13.333333333333334,0.0,0.0,60.66975795530063,12328849957
"Sep 03, 2024 05:32 PM",Afternoon Weight Training,WeightTraining,0.0,43.166666666666664,,,0.0,115.0,149.0,0.4390613171839516,1,39.583333333333336,3.6333333333333333,0.0,0.0,0.0,44.033474135542015,12328849847
"Sep 02, 2024 02:47 PM",Afternoon Tennis,Tennis,0.0,13.35,,,0.0,127.8,145.0,0.5359576078728236,1,10.1,3.316666666666667,0.0,0.0,0.0,20.022462756538268,12309397056
"Sep 02, 2024 11:04 AM",Lunch Weight Training,WeightTraining,0.0,70.96666666666667,,,0.0,118.2,158.0,0.4632853898561696,1,67.11666666666666,3.6166666666666667,0.2833333333333333,0.0,0.0,80.02236913248332,12308313759
"Aug 31, 2024 07:21 PM",Evening Run,Run,1.0073666652,9.733333333333333,9.662155468883718,9:40 /mi,96.456696,156.9,166.0,0.7562452687358063,3,0.3,1.4,5.666666666666667,2.5833333333333335,0.0,31.44241604127733,12293549353
"Aug 31, 2024 07:04 PM",Evening Run,Run,1.0274369485000001,9.133333333333333,8.88943438005367,8:53 /mi,95.800528,161.3,173.0,0.7895533686601061,3,0.5666666666666667,0.5833333333333334,1.6333333333333333,6.45,0.0,32.837965902415384,12293549348
"Aug 31, 2024 06:51 PM",Evening Run,Run,1.0082365845999999,8.3,8.232194830832169,8:14 /mi,12.467191999999999,159.1,176.0,0.7728993186979561,3,0.65,1.4,1.65,4.883333333333334,0.15,28.2930366710086,12293549352
"Aug 30, 2024 11:37 AM",Lunch Weight Training,WeightTraining,0.0,57.666666666666664,,,0.0,108.3,135.0,0.3883421650264951,1,57.7,0.0,0.0,0.0,0.0,47.20160061394764,12293549121
"Aug 28, 2024 04:42 PM",Afternoon Walk,Walk,3.3352088425,65.95,19.773874175317104,19:46 /mi,38.057744,100.1,114.0,0.3262679788039364,1,75.8,0.0,0.0,0.0,0.0,40.257454192558264,12293549405
"Aug 27, 2024 06:16 PM",Evening Weight Training,WeightTraining,0.0,45.4,,,0.0,119.3,152.0,0.47161241483724453,1,42.233333333333334,2.7,0.5,0.0,0.0,52.953287436743295,12293549343
"Aug 22, 2024 04:49 PM",Afternoon Rock Climb,RockClimbing,0.0,64.85,,,0.0,100.7,147.0,0.33080999242997733,1,63.166666666666664,1.75,0.0,0.0,0.0,40.48862161256173,12231323192
"Aug 20, 2024 05:03 PM",Afternoon Weight Training,WeightTraining,0.0,52.916666666666664,,,0.0,124.1,160.0,0.5079485238455715,1,43.61666666666667,5.216666666666667,4.166666666666667,0.0,0.0,71.27918485905428,12199898348
"Aug 19, 2024 10:54 AM",Morning Weight Training,WeightTraining,0.0,94.68333333333334,,,0.0,115.6,147.0,0.4436033308099924,1,90.81666666666666,3.966666666666667,0.0,0.0,0.0,98.4384884675748,12196659527
"Aug 18, 2024 11:30 AM",Lunch Weight Training,WeightTraining,0.0,74.46666666666667,,,0.0,107.8,135.0,0.384557153671461,1,74.53333333333333,0.0,0.0,0.0,0.0,59.92168598457327,12183397662
"Aug 16, 2024 12:38 PM",Lunch Weight Training,WeightTraining,0.0,55.1,,,0.0,105.0,136.0,0.3633610900832703,1,55.13333333333333,0.0,0.0,0.0,0.0,40.22323478954383,12166712723
"Aug 15, 2024 05:10 PM",Afternoon Weight Training,WeightTraining,0.0,47.666666666666664,,,0.0,118.9,148.0,0.4685844057532173,1,44.93333333333333,2.816666666666667,0.0,0.0,0.0,54.919878511628475,12158756186
"Aug 14, 2024 02:44 PM",Afternoon Weight Training,WeightTraining,0.0,83.11666666666666,,,0.0,106.4,133.0,0.3739591218773657,1,83.16666666666667,0.0,0.0,0.0,0.0,63.728888601060056,12158756183
"Aug 12, 2024 10:01 AM",Morning Weight Training,WeightTraining,0.0,75.6,,,0.0,113.7,145.0,0.429220287660863,1,72.45,3.1666666666666665,0.0,0.0,0.0,73.97847960052182,12132576982
"Aug 11, 2024 11:05 AM",Forgot I liked Pull day until today!,WeightTraining,0.0,69.86666666666666,,,0.0,120.3,144.0,0.47918243754731266,1,66.45,3.433333333333333,0.0,0.0,0.0,84.01077475342944,12121516181
"Aug 09, 2024 02:47 PM",Afternoon Weight Training,WeightTraining,0.0,63.86666666666667,,,0.0,113.5,139.0,0.4277062831188494,1,63.53333333333333,0.4,0.0,0.0,0.0,62.095595908763656,12121516182
"Aug 08, 2024 10:37 AM",Morning Weight Training,WeightTraining,0.0,60.416666666666664,,,0.0,107.9,142.0,0.3853141559424679,1,59.3,1.2166666666666666,0.0,0.0,0.0,48.78251241599634,12121516177
"Aug 06, 2024 04:30 PM",Afternoon Weight Training,WeightTraining,0.0,82.7,,,0.0,108.6,139.0,0.3906131718395155,1,82.41666666666667,0.3,0.0,0.0,0.0,68.38540009357868,12121516008
"Aug 05, 2024 04:47 PM",Afternoon Run,Run,1.0700629991,9.783333333333333,9.142763876109932,9:09 /mi,15.091864,147.2,165.0,0.6828160484481453,2,1.5166666666666666,3.4,4.616666666666666,0.3333333333333333,0.0,24.782983938595315,12071978492
"Aug 05, 2024 12:16 PM",Lunch Weight Training,WeightTraining,0.0,36.71666666666667,,,0.0,114.8,134.0,0.4375473126419379,1,36.8,0.0,0.0,0.0,0.0,37.21646195266578,12069873397
"Aug 04, 2024 01:49 PM",Afternoon Weight Training,WeightTraining,0.0,66.71666666666667,,,0.0,109.3,131.0,0.3959121877365632,1,66.73333333333333,0.0,0.0,0.0,0.0,56.48885470115668,12069873408
"Aug 02, 2024 08:39 PM",Evening Walk,Walk,1.5178850788000002,28.116666666666667,18.52358064478436,18:31 /mi,0.0,97.3,104.0,0.3050719152157456,1,35.733333333333334,0.0,0.0,0.0,0.0,15.408092446839571,12069873415
"Jul 31, 2024 03:13 PM",Afternoon Weight Training,WeightTraining,0.0,53.666666666666664,,,0.0,108.8,136.0,0.39212717638152916,1,53.733333333333334,0.0,0.0,0.0,0.0,44.67916085068576,12032181448
"Jul 30, 2024 05:01 PM",Afternoon Weight Training,WeightTraining,0.0,69.03333333333333,,,0.0,119.4,149.0,0.47236941710825137,1,64.5,4.616666666666666,0.0,0.0,0.0,80.76509054267588,12027497034
"Jul 29, 2024 11:38 AM",Lunch Weight Training,WeightTraining,0.0,72.41666666666667,,,0.0,108.8,140.0,0.39212717638152916,1,72.25,0.21666666666666667,0.0,0.0,0.0,60.289116116841505,12011750543
"Jul 28, 2024 11:21 AM",Sunday Long Run,Run,5.029376874,50.45,10.031063740879642,10:02 /mi,59.711287999999996,152.8,169.0,0.725208175624527,3,3.0166666666666666,10.216666666666667,33.833333333333336,3.6666666666666665,0.0,147.24324063146048,12003844728
"Jul 27, 2024 11:05 AM",Lunch Weight Training,WeightTraining,0.0,33.766666666666666,,,0.0,109.0,143.0,0.3936411809235428,1,32.983333333333334,0.8333333333333334,0.0,0.0,0.0,28.30248746320522,12003844605
"Jul 26, 2024 12:40 PM",Lunch Weight Training,WeightTraining,0.0,74.81666666666666,,,0.0,106.0,134.0,0.3709311127933384,1,74.9,0.0,0.0,0.0,0.0,56.570604756350335,11994590746
"Jul 25, 2024 05:22 PM",Afternoon Weight Training,WeightTraining,0.0,51.93333333333333,,,0.0,109.9,140.0,0.4004542013626041,1,51.81666666666667,0.25,0.0,0.0,0.0,44.865855044002735,11994590724
"Jul 23, 2024 02:20 PM",Afternoon Weight Training,WeightTraining,0.0,98.26666666666667,,,0.0,113.2,143.0,0.42543527630582895,1,97.35,1.0333333333333334,0.0,0.0,0.0,94.6208778243389,11963595127
"Jul 22, 2024 12:16 PM",Lunch Weight Training,WeightTraining,0.0,59.55,,,0.0,113.4,143.0,0.4269492808478426,1,57.28333333333333,2.283333333333333,0.0,0.0,0.0,57.71221571883978,11955222370
"Jul 21, 2024 12:06 PM",Lunch Weight Training,WeightTraining,0.0,64.23333333333333,,,0.0,121.2,152.0,0.485995457986374,1,59.15,5.016666666666667,0.11666666666666667,0.0,0.0,79.36659527074531,11955222360
"Jul 20, 2024 06:27 PM",Fitler Square / Schuylkill River Run,Run,3.1352516547,31.85,10.158674169664893,10:10 /mi,141.07612,148.2,177.0,0.6903860711582134,2,2.8333333333333335,14.216666666666667,13.05,1.6,0.25,82.77071573983778,11939185186
"Jul 19, 2024 12:11 PM",Lunch Weight Training,WeightTraining,0.0,82.56666666666666,,,0.0,110.0,136.0,0.4012112036336109,1,82.66666666666667,0.0,0.0,0.0,0.0,71.56916042277064,11929142876
"Jul 18, 2024 05:21 PM",Afternoon Weight Training,WeightTraining,0.0,46.25,,,0.0,110.9,140.0,0.4080242240726723,1,45.8,0.5,0.0,0.0,0.0,41.30730003176993,11928729055
"Jul 17, 2024 04:47 PM",Afternoon HIIT,HighIntensityIntervalTraining,0.0,43.483333333333334,,,0.0,122.4,147.0,0.4950794852384558,1,39.583333333333336,3.9833333333333334,0.0,0.0,0.0,55.69516737543266,11928728894
"Jul 16, 2024 05:18 PM",Leg Day,WeightTraining,0.0,49.06666666666667,,,0.0,124.1,162.0,0.5079485238455715,1,38.35,6.266666666666667,4.483333333333333,0.0,0.0,66.09320322049003,11905884423
"Jul 15, 2024 05:23 PM",Afternoon Run,Run,1.0125240445,9.766666666666667,9.645861468395644,9:39 /mi,0.0,146.6,164.0,0.6782740348221045,2,1.65,3.066666666666667,4.95,0.2,0.0,24.36280253131727,11905884435
"Jul 15, 2024 11:45 AM",Pull Day,WeightTraining,0.0,68.56666666666666,,,0.0,127.0,155.0,0.5299015897047691,1,57.36666666666667,10.9,0.38333333333333336,0.0,0.0,100.49958425707356,11905884409
"Jul 13, 2024 04:23 PM",Quick Shoulder Day,WeightTraining,0.0,29.15,,,0.0,113.5,132.0,0.4277062831188494,1,29.183333333333334,0.0,0.0,0.0,0.0,28.341648550215975,11905884411
"Jul 12, 2024 06:18 PM",Evening Run,Run,1.1219474776,10.183333333333334,9.076479547079053,9:05 /mi,6.56168,152.9,173.0,0.7259651778955337,3,1.2,2.0,4.5,2.5,0.0,29.795349040669574,11873154592
"Jul 12, 2024 12:05 PM",Push Day,WeightTraining,0.0,80.46666666666667,,,0.0,109.3,139.0,0.3959121877365632,1,80.05,0.4666666666666667,0.0,0.0,0.0,68.13094941223693,11873154550
"Jul 11, 2024 05:17 PM",Afternoon Weight Training,WeightTraining,0.0,56.53333333333333,,,0.0,111.9,157.0,0.41559424678274043,1,53.71666666666667,2.6333333333333333,0.25,0.0,0.0,52.181369523355684,11873154528
"Jul 08, 2024 11:59 AM",Lunch Weight Training,WeightTraining,0.0,53.766666666666666,,,0.0,117.4,143.0,0.4572293716881151,1,52.13333333333333,1.6666666666666667,0.0,0.0,0.0,59.14333967641748,11873154534
"Jul 07, 2024 10:48 AM",Morning Weight Training,WeightTraining,0.0,66.43333333333334,,,0.0,111.6,139.0,0.41332323996971987,1,66.3,0.15,0.0,0.0,0.0,60.71885224665812,11873154530
"Jul 06, 2024 12:29 PM",Lunch Run,Run,1.049495619,10.333333333333334,9.845999493718072,9:51 /mi,0.0,153.2,173.0,0.7282361847085541,3,0.0,4.216666666666667,4.45,1.6833333333333333,0.0,30.46134603075608,11823537134
"Jul 06, 2024 11:41 AM",Lunch Weight Training,WeightTraining,0.0,45.15,,,0.0,111.6,132.0,0.41332323996971987,1,45.18333333333333,0.0,0.0,0.0,0.0,41.26627464530779,11823537136
"Jul 05, 2024 12:29 PM",Lunch Weight Training,WeightTraining,0.0,37.38333333333333,,,0.0,114.3,140.0,0.43376230128690385,1,35.833333333333336,1.5666666666666667,0.0,0.0,0.0,37.292416797371445,11816736950
"Jul 03, 2024 05:17 PM",Afternoon Weight Training,WeightTraining,0.0,68.05,,,0.0,113.7,141.0,0.429220287660863,1,67.55,0.5333333333333333,0.0,0.0,0.0,66.59041715364431,11815437235
"Jul 02, 2024 05:27 PM",Afternoon Weight Training,WeightTraining,0.0,32.4,,,0.0,123.8,144.0,0.5056775170325511,1,30.216666666666665,2.3,0.0,0.0,0.0,43.25890570845627,11798729681
"Jul 01, 2024 05:15 PM",Afternoon Run,Run,3.2289544015000002,34.15,10.576179082657756,10:35 /mi,68.241472,157.2,170.0,0.7585162755488266,3,0.9166666666666666,3.683333333333333,19.7,10.166666666666666,0.0,111.13245877794736,11785539157
"Jul 01, 2024 11:38 AM",Lunch Weight Training,WeightTraining,0.0,73.85,,,0.0,120.7,145.0,0.48221044663133994,1,70.16666666666667,3.7333333333333334,0.0,0.0,0.0,89.88269376574152,11783442643
"Jun 27, 2024 12:39 PM",Lunch Walk,Walk,1.2561014765,8.533333333333333,6.79350633128034,6:48 /mi,7.874015999999999,109.6,118.0,0.3981831945495836,1,9.166666666666666,0.0,0.0,0.0,0.0,7.298352987645496,11756317112
"Jun 25, 2024 05:43 PM",Afternoon Weight Training,WeightTraining,0.0,48.78333333333333,,,0.0,110.1,132.0,0.4019682059046177,1,48.81666666666667,0.0,0.0,0.0,0.0,42.42701885888219,11740637938
"Jun 22, 2024 11:46 AM",Lunch Hike,Hike,2.8889401903,55.983333333333334,19.378502026904123,19:23 /mi,724.409472,118.6,157.0,0.4663133989401968,1,50.28333333333333,9.066666666666666,1.2,0.0,0.0,63.91016416610738,11737915866
"Jun 17, 2024 05:40 PM",Afternoon Run,Run,1.0037627134,9.366666666666667,9.331554700751317,9:20 /mi,7.874015999999999,153.3,162.0,0.7289931869795611,3,0.6833333333333333,1.0666666666666667,7.7,0.0,0.0,27.680641718377952,11676785533
"Jun 16, 2024 06:13 PM",Evening Walk,Walk,1.0564549742,8.6,8.140432114972382,8:08 /mi,0.0,103.8,111.0,0.3542770628311885,1,9.116666666666667,0.0,0.0,0.0,0.0,6.01525146752847,11672159482
"Jun 16, 2024 02:27 PM",Afternoon Weight Training,WeightTraining,0.0,48.53333333333333,,,0.0,111.5,151.0,0.4125662376987131,1,47.733333333333334,0.65,0.18333333333333332,0.0,0.0,44.21302874422155,11672159461
"Jun 15, 2024 09:25 AM",Morning Weight Training,WeightTraining,0.0,36.016666666666666,,,0.0,111.6,138.0,0.41332323996971987,1,35.88333333333333,0.16666666666666666,0.0,0.0,0.0,32.918574938541944,11660862913
"Jun 14, 2024 12:47 PM",Lunch Weight Training,WeightTraining,0.0,74.96666666666667,,,0.0,120.4,145.0,0.4799394398183195,1,71.5,3.5166666666666666,0.0,0.0,0.0,90.41696761693353,11660862919
"Jun 13, 2024 07:53 PM",Evening Run,Run,2.0169081289,18.916666666666668,9.379042305205848,9:23 /mi,125.98425599999999,148.3,169.0,0.6911430734292204,2,2.316666666666667,6.283333333333333,10.416666666666666,0.8,0.0,49.28548642725035,11647214574
"Jun 11, 2024 05:28 PM",Afternoon Weight Training,WeightTraining,0.0,65.5,,,0.0,125.0,151.0,0.5147615442846328,1,56.166666666666664,9.2,0.21666666666666667,0.0,0.0,90.58972547959006,11630781312
"Jun 10, 2024 05:13 PM",Afternoon Run,Run,2.0468582111,20.033333333333335,9.787357631658933,9:47 /mi,136.482944,156.9,171.0,0.7562452687358063,3,0.8833333333333333,1.4833333333333334,12.566666666666666,5.183333333333334,0.0,64.71538370139615,11622249479
"Jun 10, 2024 10:48 AM",Morning Weight Training,WeightTraining,0.0,67.11666666666666,,,0.0,122.7,155.0,0.4973504920514762,1,56.75,9.883333333333333,0.5,0.0,0.0,86.73739080664681,11621443651
"Jun 09, 2024 09:44 AM",Morning Weight Training,WeightTraining,0.0,71.41666666666667,,,0.0,122.6,174.0,0.4965934897804693,1,59.266666666666666,2.966666666666667,5.216666666666667,4.016666666666667,0.0,92.02012044346687,11612783596
"Jun 08, 2024 12:34 PM",Lunch Weight Training,WeightTraining,0.0,80.98333333333333,,,0.0,130.1,156.0,0.5533686601059803,1,58.36666666666667,21.366666666666667,1.2666666666666666,0.0,0.0,129.66839122721885,11631797592
"Jun 07, 2024 12:09 PM",Lunch Weight Training,WeightTraining,0.0,73.31666666666666,,,0.0,115.9,144.0,0.44587433762301293,1,71.58333333333333,1.75,0.0,0.0,0.0,76.94943874468913,11597367648
"Jun 04, 2024 08:34 PM",Evening Walk,Walk,0.9826360994000001,3.9166666666666665,3.985877039382323,3:59 /mi,0.0,101.4,107.0,0.33610900832702506,1,3.933333333333333,0.0,0.0,0.0,0.0,2.509919060522193,11596725218
"Jun 04, 2024 07:41 PM",Evening Walk,Walk,0.8908596027000001,17.433333333333334,19.56911423584224,19:34 /mi,11.811024,104.4,115.0,0.35881907645722944,1,22.35,0.0,0.0,0.0,0.0,12.45820854295278,11596725008
"Jun 03, 2024 05:08 PM",Afternoon Walk,Walk,1.0696280394000002,8.15,7.619471161742994,7:37 /mi,13.779528,111.8,119.0,0.41483724451173354,1,8.166666666666666,0.0,0.0,0.0,0.0,7.498000756002906,11596724867
"Jun 03, 2024 11:26 AM",Lunch Weight Training,WeightTraining,0.0,77.23333333333333,,,0.0,102.7,133.0,0.3459500378501136,1,77.31666666666666,0.0,0.0,0.0,0.0,51.91430102420335,11596723827
"Jun 02, 2024 01:47 PM",Afternoon Weight Training,WeightTraining,0.0,82.03333333333333,,,0.0,111.0,146.0,0.408781226343679,1,81.28333333333333,0.8833333333333333,0.0,0.0,0.0,73.50919190598034,11596723966
"May 31, 2024 08:11 AM",Morning Walk,Walk,1.2903390185999999,24.35,18.871009594377313,18:52 /mi,0.0,103.6,114.0,0.3527630582891748,1,24.383333333333333,0.0,0.0,0.0,0.0,16.90954492651415,11596724851
"May 30, 2024 05:56 PM",Afternoon Weight Training,WeightTraining,0.0,35.63333333333333,,,0.0,110.5,154.0,0.40499621498864496,1,32.25,2.8833333333333333,0.65,0.0,0.0,31.405929243995047,11596724170
"May 29, 2024 05:52 PM",Afternoon Weight Training,WeightTraining,0.0,64.33333333333333,,,0.0,125.3,151.0,0.5170325510976533,1,53.7,10.3,0.38333333333333336,0.0,0.0,89.7592380860967,11596724312
"May 28, 2024 09:33 AM",Morning Weight Training,WeightTraining,0.0,54.3,,,0.0,108.7,140.0,0.3913701741105224,1,53.96666666666667,0.4166666666666667,0.0,0.0,0.0,45.05362879587407,11596724306
"May 25, 2024 04:34 PM",Afternoon Run,Run,1.0926809035,8.916666666666666,8.160357372500439,8:10 /mi,0.0,158.4,171.0,0.7676003028009085,3,0.8333333333333334,0.3,4.083333333333333,4.583333333333333,0.0,29.881173871283064,11596724666
"May 23, 2024 03:19 PM",Afternoon Weight Training,WeightTraining,0.0,127.03333333333333,,,0.0,109.4,145.0,0.39666919000757006,1,124.06666666666666,3.05,0.0,0.0,0.0,107.9212445325711,11596724518
"May 23, 2024 12:12 PM",Lunch Walk,Walk,1.2780980099,25.2,19.716797776699202,19:43 /mi,0.0,108.5,125.0,0.3898561695685087,1,25.233333333333334,0.0,0.0,0.0,0.0,20.76752432912463,11596724657
"May 16, 2024 01:15 PM",Afternoon Weight Training,WeightTraining,0.0,66.23333333333333,,,0.0,121.1,148.0,0.4852384557153671,1,60.4,5.9,0.0,0.0,0.0,81.59164346930125,11596722221
"Nov 02, 2023 11:53 AM",Lunch Weight Training,WeightTraining,0.0,59.916666666666664,,,0.0,120.5,152.0,0.48069644208932627,1,53.31666666666667,6.366666666666666,0.26666666666666666,0.0,0.0,72.48448733077905,10148836075
"Oct 30, 2023 05:09 PM",Afternoon Run,Run,3.9503661325,42.88333333333333,10.855533865716517,10:51 /mi,202.755912,148.4,176.0,0.6919000757002272,2,15.466666666666667,6.133333333333334,20.316666666666666,4.45,0.15,112.01330538683543,10148836446
"Oct 30, 2023 04:01 PM",Afternoon Weight Training,WeightTraining,0.0,57.733333333333334,,,0.0,109.5,143.0,0.39742619227857684,1,56.56666666666667,1.2333333333333334,0.0,0.0,0.0,49.21246547422167,10148837580
"Oct 28, 2023 01:04 PM",Afternoon Walk,Walk,1.3441497472,16.683333333333334,12.411811532224299,12:25 /mi,8.530184,126.9,138.0,0.5291445874337624,1,17.016666666666666,0.23333333333333334,0.0,0.0,0.0,24.382709710234455,10148837704
"Oct 17, 2023 03:54 PM",Afternoon Weight Training,WeightTraining,0.0,58.43333333333333,,,0.0,119.5,155.0,0.47312641937925815,1,54.1,3.933333333333333,0.5,0.0,0.0,68.57284244895614,10148838203
"Oct 14, 2023 12:18 PM",Lunch Weight Training,WeightTraining,0.0,40.733333333333334,,,0.0,121.1,154.0,0.4852384557153671,1,38.9,1.5333333333333334,0.4166666666666667,0.0,0.0,50.17865541997288,10148837120
"Oct 06, 2023 04:44 PM",Afternoon Walk,Walk,2.7616834095000002,53.03333333333333,19.203263180313257,19:12 /mi,169.947512,105.4,120.0,0.36638909916729756,1,58.416666666666664,0.0,0.0,0.0,0.0,39.26479513321033,10148837654
"Oct 06, 2023 12:17 PM",Lunch Weight Training,WeightTraining,0.0,69.7,,,0.0,109.0,138.0,0.3936411809235428,1,69.18333333333334,0.6166666666666667,0.0,0.0,0.0,58.421027922568726,10148837044
"Oct 04, 2023 03:45 PM",Afternoon Walk,Walk,1.3267513592,12.7,9.57225324242954,9:34 /mi,11.154855999999999,110.7,127.0,0.40651021953065863,1,17.583333333333332,0.0,0.0,0.0,0.0,11.26787103775485,10148838340
"May 07, 2023 12:29 PM",Lunch Weight Training,WeightTraining,0.0,51.31666666666667,,,0.0,111.3,142.0,0.4110522331566995,1,50.63333333333333,0.7166666666666667,0.0,0.0,0.0,46.44184518819047,9029984836
"May 03, 2023 11:47 AM",Lunch Run,Run,1.2557286539,18.383333333333333,14.639574621666066,14:38 /mi,0.0,135.3,169.0,0.5927327781983347,1,11.066666666666666,1.6833333333333333,2.35,3.3833333333333333,0.0,34.00405501462542,9029985128
"May 02, 2023 12:38 PM",Lunch Weight Training,WeightTraining,0.0,49.71666666666667,,,0.0,123.4,162.0,0.5026495079485239,1,41.1,6.75,1.8833333333333333,0.0,0.0,65.59930638586381,9029985386
"May 01, 2023 11:25 AM",Lunch Weight Training,WeightTraining,0.0,56.7,,,0.0,106.2,138.0,0.372445117335352,1,56.63333333333333,0.1,0.0,0.0,0.0,43.172479687813116,8997486996
"Apr 30, 2023 01:26 PM",Afternoon Weight Training,WeightTraining,0.0,54.05,,,0.0,114.5,143.0,0.4352763058289175,1,53.06666666666667,1.0,0.0,0.0,0.0,54.26425850931869,8997488497
"Apr 18, 2023 05:44 PM",Afternoon Weight Training,WeightTraining,0.0,37.13333333333333,,,0.0,104.8,136.0,0.3618470855412566,1,37.166666666666664,0.0,0.0,0.0,0.0,26.916187489631913,8997485334
"Mar 14, 2023 05:51 PM",Afternoon Weight Training,WeightTraining,0.0,45.733333333333334,,,0.0,119.7,147.0,0.4746404239212718,1,43.016666666666666,2.7333333333333334,0.0,0.0,0.0,53.99758247945374,8715971971
"Mar 12, 2023 02:17 PM",Afternoon Weight Training,WeightTraining,0.0,61.38333333333333,,,0.0,128.1,154.0,0.538228614685844,1,46.38333333333333,13.533333333333333,1.4833333333333334,0.0,0.0,92.85744054520791,8705546791
"Mar 11, 2023 03:25 PM",Afternoon Weight Training,WeightTraining,0.0,37.483333333333334,,,0.0,124.6,162.0,0.5117335352006056,1,32.2,5.283333333333333,0.1,0.0,0.0,51.23759545619499,8698664198
"Mar 06, 2023 07:02 PM",Evening Run,Run,0.9228602092,13.233333333333333,14.339477638552555,14:20 /mi,0.0,140.7,168.0,0.6336109008327024,2,5.95,2.2333333333333334,4.216666666666667,0.8833333333333333,0.0,28.30254116943644,8698664670
"Mar 03, 2023 05:23 PM",Afternoon Weight Training,WeightTraining,0.0,53.78333333333333,,,0.0,108.6,144.0,0.3906131718395155,1,53.15,0.6833333333333333,0.0,0.0,0.0,44.47393915799645,8698664942
"Sep 15, 2021 06:38 PM",WHOOP Running → 8.8 Day Strain,Run,1.1558743342,9.466666666666667,8.190048335331111,8:11 /mi,74.475068,152.9,166.0,0.7259651778955337,3,0.65,1.35,7.45,0.35,0.0,27.69845868265191,5966844255
"Sep 14, 2021 05:10 PM",WHOOP Weightlifting → 6.1 Day Strain,WeightTraining,0.0,46.63333333333333,,,0.0,104.0,127.0,0.35579106737320215,1,46.65,0.0,0.0,0.0,0.0,32.8523353110273,5961274024
"Sep 13, 2021 05:45 PM",WHOOP Weightlifting → 7.2 Day Strain,WeightTraining,0.0,50.21666666666667,,,0.0,100.6,124.0,0.33005299015897044,1,50.233333333333334,0.0,0.0,0.0,0.0,31.235231011622083,5956020122
"Sep 11, 2021 06:38 PM",WHOOP Activity → 15.8 Day Strain,Workout,0.0,77.18333333333334,,,0.0,117.9,152.0,0.4610143830431492,1,64.1,11.85,1.25,0.0,0.0,86.22887711376981,5945220320
"Sep 11, 2021 03:21 PM",WHOOP Activity → 13.9 Day Strain,Workout,0.0,55.25,,,0.0,134.0,151.0,0.5828917486752461,1,31.316666666666666,22.233333333333334,1.7166666666666666,0.0,0.0,98.61927291526656,5944638653
"Sep 11, 2021 11:50 AM",WHOOP Weightlifting → 6.7 Day Strain,WeightTraining,0.0,54.53333333333333,,,0.0,112.6,133.0,0.420893262679788,1,54.55,0.0,0.0,0.0,0.0,51.49842319221081,5943622283
"Sep 10, 2021 06:12 PM",WHOOP Weightlifting → 6.1 Day Strain,WeightTraining,0.0,46.45,,,0.0,108.4,131.0,0.38909916729750194,1,46.46666666666667,0.0,0.0,0.0,0.0,38.15000265804126,5939188009
"Sep 09, 2021 05:50 PM",WHOOP Weightlifting → 7.5 Day Strain,WeightTraining,0.0,24.933333333333334,,,0.0,110.4,138.0,0.40423921271763824,1,24.666666666666668,0.2833333333333333,0.0,0.0,0.0,21.9024043653447,5934399422
"Jan 04, 2021 01:00 PM",Chester Valley Trail,Run,4.0088371436,33.333333333333336,8.314963202371317,8:19 /mi,49.2126,161.3,169.0,0.7895533686601061,3,2.15,0.0,5.066666666666666,26.266666666666666,0.0,119.84659088472769,4567064531
"Jan 02, 2021 12:41 PM",The this is pretty but I don’t know where I am Run,Run,2.3265994353000004,19.516666666666666,8.388494542959481,8:23 /mi,130.249348,153.9,169.0,0.7335352006056018,3,0.0,3.2666666666666666,15.133333333333333,1.1666666666666667,0.0,58.543887925227764,4555939665
"Dec 31, 2020 01:31 PM",Goodbye 2020,Run,3.1297214528,26.233333333333334,8.382002593190434,8:23 /mi,216.53544,158.1,169.0,0.7653292959878879,3,0.0,1.65,15.466666666666667,9.15,0.0,87.27063431338436,4545837883
"Dec 29, 2020 11:11 AM",Rosebud Motel,Run,4.0834016636,34.25,8.387614744174979,8:23 /mi,275.918644,157.9,169.0,0.7638152914458745,3,0.0,2.45,26.15,5.683333333333334,0.0,113.38426670794024,4535126558
"Dec 28, 2020 04:51 PM",Cooldown Sunset Run,Run,2.3948259711,19.3,8.059040712313244,8:04 /mi,136.81102800000002,161.5,171.0,0.7910673732021196,3,0.0,0.0,9.5,9.85,0.0,69.72663010741489,4531521346
"Dec 27, 2020 01:55 PM",The Scenic Route,Run,8.0240744085,66.46666666666667,8.283406070643826,8:17 /mi,453.084004,159.4,172.0,0.7751703255109766,3,0.0,3.95,40.18333333333333,22.4,0.0,228.23027444720682,4526541903
"Dec 26, 2020 03:06 PM",Heart Rate Yikes,Run,2.0079603865,15.916666666666666,7.926783204329247,7:56 /mi,133.858272,187.0,189.0,0.9841029523088569,5,0.0,0.0,0.0,0.0,16.05,103.62925619034533,4521545281
"Dec 24, 2020 10:17 AM",Happy Christmas Ron! ,Run,3.1934741173999996,23.983333333333334,7.510107316247678,7:31 /mi,136.482944,160.2,166.0,0.781226343679031,3,0.0,0.13333333333333333,17.4,6.483333333333333,0.0,83.96695814551035,4512819791
"Dec 23, 2020 01:12 PM",This Time is Wildly Wrong,Run,3.1400362114,22.2,7.069982161161773,7:04 /mi,187.992132,160.6,168.0,0.7842543527630583,3,0.0,0.0,13.75,8.5,0.0,78.4796036160457,4509276462
"Dec 21, 2020 11:36 AM",Long Run Cooldown,Run,2.041825106,15.716666666666667,7.697361845773418,7:42 /mi,143.70079199999998,138.7,168.0,0.6184708554125662,2,5.55,0.0,8.383333333333333,1.8333333333333333,0.0,31.87049158936007,4500647476
"Dec 20, 2020 02:27 PM",The City of Brotherly Love,Run,7.327828203,65.05,8.877118594752076,8:53 /mi,164.370084,146.7,173.0,0.6790310370931112,2,32.266666666666666,2.65,24.4,10.433333333333334,0.0,162.68362335907662,4497908292
"Dec 18, 2020 02:29 PM",Another Neighborhood Run,Run,3.1246262106000002,25.816666666666666,8.26232161116938,8:16 /mi,223.09712,159.4,168.0,0.7751703255109766,3,0.0,0.0,21.2,4.65,0.0,88.64811813408309,4488221102
"Dec 17, 2020 01:00 PM",Strictly Streets Today,Run,3.1262417752,25.066666666666666,8.018147177712459,8:01 /mi,224.081372,162.1,174.0,0.7956093868281605,3,2.8333333333333335,0.0,7.733333333333333,14.666666666666666,0.0,91.87803870740589,4484188570
"Dec 16, 2020 11:45 AM",Pre-Snow Run,Run,3.1315234287,26.916666666666668,8.595390479911138,8:36 /mi,98.097116,159.5,181.0,0.7759273277819834,3,0.0,0.0,20.55,6.05,0.38333333333333336,92.6500719978685,4480012498
"Dec 14, 2020 02:30 PM",“Rest” Day,Run,2.0058477251,15.95,7.95175017545503,7:57 /mi,153.543312,162.1,172.0,0.7956093868281605,3,0.0,0.8166666666666667,7.216666666666667,7.95,0.0,58.462289257305464,4472443960
"Dec 13, 2020 12:57 PM",Longest Run in 22 Years,Run,6.3368035951,56.833333333333336,8.968769898009828,8:58 /mi,192.913392,156.2,169.0,0.7509462528387585,3,1.1333333333333333,3.0833333333333335,49.35,5.366666666666666,0.0,180.46170891052714,4468787027
"Dec 11, 2020 02:51 PM",Back Home & It’s Warm!!,Run,3.3879632404,29.466666666666665,8.697457609719427,8:42 /mi,131.2336,159.5,166.0,0.7759273277819834,3,0.0,0.0,19.516666666666666,10.083333333333334,0.0,101.42744723977181,4459523358
"Dec 10, 2020 03:10 PM",Afternoon Run,Run,4.1121090038000006,34.6,8.41417383829712,8:25 /mi,183.72704,161.5,174.0,0.7910673732021196,3,0.16666666666666666,0.35,17.5,20.5,0.0,125.0021451666609,4455945276
"Dec 09, 2020 05:02 PM",Night Runs Hit Different,Run,3.121767904,27.983333333333334,8.963937805074357,8:58 /mi,139.107616,155.7,167.0,0.7471612414837244,3,0.0,12.633333333333333,9.65,5.716666666666667,0.0,87.76689798314754,4452126001
"Dec 07, 2020 01:49 PM",Week 2 Here we Go!,Run,3.2070200052,27.483333333333334,8.569741781707217,8:34 /mi,123.687668,162.5,172.0,0.7986373959121877,3,0.9166666666666666,0.65,8.7,17.266666666666666,0.0,101.70894987400379,4442922222
"Dec 06, 2020 01:05 PM",Sunday Run Day,Run,4.2084215088,36.65,8.708728420706716,8:43 /mi,217.519692,162.5,170.0,0.7986373959121877,3,0.0,0.6833333333333333,17.85,21.183333333333334,0.0,135.63249288837739,4439123748
"Dec 04, 2020 02:32 PM",Sheeesh,Run,3.5047188513000003,30.283333333333335,8.640731145124631,8:38 /mi,158.792656,170.6,181.0,0.8599545798637396,4,0.0,0.0,1.5166666666666666,25.8,6.066666666666666,135.75266553948126,4429753008
"Dec 03, 2020 03:33 PM",That felt good??,Run,4.012192547,35.15,8.76079589606994,8:46 /mi,194.88189599999998,158.0,174.0,0.7645722937168812,3,7.95,0.0,0.5,26.716666666666665,0.0,116.64845195262787,4426215592
"Dec 01, 2020 04:30 PM",Cold = yikes,Run,2.0075875639,16.3,8.119197534943448,8:07 /mi,72.834648,158.3,171.0,0.7668433005299017,3,0.0,8.316666666666666,0.0,8.133333333333333,0.0,54.490776267970325,4417971421
